"REF_DATE","GEO","DGUID","Harvest disposition","Type of crop","UOM","UOM_ID","SCALAR_FACTOR","SCALAR_ID","VECTOR","COORDINATE","VALUE","STATUS","SYMBOL","TERMINATED","DECIMALS"
"1908","Canada","2021A000011124","Production (metric tonnes)","Corn for grain","Metric tonnes","214","units","0","v114995731","1.19.11","580600","","","","0"
"1909","Canada","2021A000011124","Production (metric tonnes)","Corn for grain","Metric tonnes","214","units","0","v114995731","1.19.11","489600","","","","0"
"1910","Canada","2021A000011124","Production (metric tonnes)","Corn for grain","Metric tonnes","214","units","0","v114995731","1.19.11","363600","","","","0"
"1911","Canada","2021A000011124","Production (metric tonnes)","Corn for grain","Metric tonnes","214","units","0","v114995731","1.19.11","487400","","","","0"
"1912","Canada","2021A000011124","Production (metric tonnes)","Corn for grain","Metric tonnes","214","units","0","v114995731","1.19.11","430100","","","","0"
"1913","Canada","2021A000011124","Production (metric tonnes)","Corn for grain","Metric tonnes","214","units","0","v114995731","1.19.11","425900","","","","0"
"1914","Canada","2021A000011124","Production (metric tonnes)","Corn for grain","Metric tonnes","214","units","0","v114995731","1.19.11","354100","","","","0"
"1915","Canada","2021A000011124","Production (metric tonnes)","Corn for grain","Metric tonnes","214","units","0","v114995731","1.19.11","364900","","","","0"
"1916","Canada","2021A000011124","Production (metric tonnes)","Corn for grain","Metric tonnes","214","units","0","v114995731","1.19.11","159200","","","","0"
"1917","Canada","2021A000011124","Production (metric tonnes)","Corn for grain","Metric tonnes","214","units","0","v114995731","1.19.11","196800","","","","0"
"1918","Canada","2021A000011124","Production (metric tonnes)","Corn for grain","Metric tonnes","214","units","0","v114995731","1.19.11","361200","","","","0"
"1919","Canada","2021A000011124","Production (metric tonnes)","Corn for grain","Metric tonnes","214","units","0","v114995731","1.19.11","430400","","","","0"
"1920","Canada","2021A000011124","Production (metric tonnes)","Corn for grain","Metric tonnes","214","units","0","v114995731","1.19.11","364100","","","","0"
"1921","Canada","2021A000011124","Production (metric tonnes)","Corn for grain","Metric tonnes","214","units","0","v114995731","1.19.11","378600","","","","0"
"1922","Canada","2021A000011124","Production (metric tonnes)","Corn for grain","Metric tonnes","214","units","0","v114995731","1.19.11","350900","","","","0"
"1923","Canada","2021A000011124","Production (metric tonnes)","Corn for grain","Metric tonnes","214","units","0","v114995731","1.19.11","346000","","","","0"
"1924","Canada","2021A000011124","Production (metric tonnes)","Corn for grain","Metric tonnes","214","units","0","v114995731","1.19.11","304800","","","","0"
"1925","Canada","2021A000011124","Production (metric tonnes)","Corn for grain","Metric tonnes","214","units","0","v114995731","1.19.11","268000","","","","0"
"1926","Canada","2021A000011124","Production (metric tonnes)","Corn for grain","Metric tonnes","214","units","0","v114995731","1.19.11","198500","","","","0"
"1927","Canada","2021A000011124","Production (metric tonnes)","Corn for grain","Metric tonnes","214","units","0","v114995731","1.19.11","108000","","","","0"
"1928","Canada","2021A000011124","Production (metric tonnes)","Corn for grain","Metric tonnes","214","units","0","v114995731","1.19.11","132900","","","","0"
"1929","Canada","2021A000011124","Production (metric tonnes)","Corn for grain","Metric tonnes","214","units","0","v114995731","1.19.11","131600","","","","0"
"1930","Canada","2021A000011124","Production (metric tonnes)","Corn for grain","Metric tonnes","214","units","0","v114995731","1.19.11","148200","","","","0"
"1931","Canada","2021A000011124","Production (metric tonnes)","Corn for grain","Metric tonnes","214","units","0","v114995731","1.19.11","138600","","","","0"
"1932","Canada","2021A000011124","Production (metric tonnes)","Corn for grain","Metric tonnes","214","units","0","v114995731","1.19.11","128000","","","","0"
"1933","Canada","2021A000011124","Production (metric tonnes)","Corn for grain","Metric tonnes","214","units","0","v114995731","1.19.11","128000","","","","0"
"1934","Canada","2021A000011124","Production (metric tonnes)","Corn for grain","Metric tonnes","214","units","0","v114995731","1.19.11","173000","","","","0"
"1935","Canada","2021A000011124","Production (metric tonnes)","Corn for grain","Metric tonnes","214","units","0","v114995731","1.19.11","197000","","","","0"
"1936","Canada","2021A000011124","Production (metric tonnes)","Corn for grain","Metric tonnes","214","units","0","v114995731","1.19.11","155000","","","","0"
"1937","Canada","2021A000011124","Production (metric tonnes)","Corn for grain","Metric tonnes","214","units","0","v114995731","1.19.11","138000","","","","0"
"1938","Canada","2021A000011124","Production (metric tonnes)","Corn for grain","Metric tonnes","214","units","0","v114995731","1.19.11","195000","","","","0"
"1939","Canada","2021A000011124","Production (metric tonnes)","Corn for grain","Metric tonnes","214","units","0","v114995731","1.19.11","206000","","","","0"
"1940","Canada","2021A000011124","Production (metric tonnes)","Corn for grain","Metric tonnes","214","units","0","v114995731","1.19.11","177000","","","","0"
"1941","Canada","2021A000011124","Production (metric tonnes)","Corn for grain","Metric tonnes","214","units","0","v114995731","1.19.11","347700","","","","0"
"1942","Canada","2021A000011124","Production (metric tonnes)","Corn for grain","Metric tonnes","214","units","0","v114995731","1.19.11","373100","","","","0"
"1943","Canada","2021A000011124","Production (metric tonnes)","Corn for grain","Metric tonnes","214","units","0","v114995731","1.19.11","203300","","","","0"
"1944","Canada","2021A000011124","Production (metric tonnes)","Corn for grain","Metric tonnes","214","units","0","v114995731","1.19.11","303800","","","","0"
"1945","Canada","2021A000011124","Production (metric tonnes)","Corn for grain","Metric tonnes","214","units","0","v114995731","1.19.11","269800","","","","0"
"1946","Canada","2021A000011124","Production (metric tonnes)","Corn for grain","Metric tonnes","214","units","0","v114995731","1.19.11","279800","","","","0"
"1947","Canada","2021A000011124","Production (metric tonnes)","Corn for grain","Metric tonnes","214","units","0","v114995731","1.19.11","175400","","","","0"
"1948","Canada","2021A000011124","Production (metric tonnes)","Corn for grain","Metric tonnes","214","units","0","v114995731","1.19.11","322500","","","","0"
"1949","Canada","2021A000011124","Production (metric tonnes)","Corn for grain","Metric tonnes","214","units","0","v114995731","1.19.11","355000","","","","0"
"1950","Canada","2021A000011124","Production (metric tonnes)","Corn for grain","Metric tonnes","214","units","0","v114995731","1.19.11","357900","","","","0"
"1951","Canada","2021A000011124","Production (metric tonnes)","Corn for grain","Metric tonnes","214","units","0","v114995731","1.19.11","403800","","","","0"
"1952","Canada","2021A000011124","Production (metric tonnes)","Corn for grain","Metric tonnes","214","units","0","v114995731","1.19.11","538000","","","","0"
"1953","Canada","2021A000011124","Production (metric tonnes)","Corn for grain","Metric tonnes","214","units","0","v114995731","1.19.11","586400","","","","0"
"1954","Canada","2021A000011124","Production (metric tonnes)","Corn for grain","Metric tonnes","214","units","0","v114995731","1.19.11","631900","","","","0"
"1955","Canada","2021A000011124","Production (metric tonnes)","Corn for grain","Metric tonnes","214","units","0","v114995731","1.19.11","902800","","","","0"
"1956","Canada","2021A000011124","Production (metric tonnes)","Corn for grain","Metric tonnes","214","units","0","v114995731","1.19.11","706500","","","","0"
"1957","Canada","2021A000011124","Production (metric tonnes)","Corn for grain","Metric tonnes","214","units","0","v114995731","1.19.11","750100","","","","0"
"1958","Canada","2021A000011124","Production (metric tonnes)","Corn for grain","Metric tonnes","214","units","0","v114995731","1.19.11","756400","","","","0"
"1959","Canada","2021A000011124","Production (metric tonnes)","Corn for grain","Metric tonnes","214","units","0","v114995731","1.19.11","784800","","","","0"
"1960","Canada","2021A000011124","Production (metric tonnes)","Corn for grain","Metric tonnes","214","units","0","v114995731","1.19.11","662500","","","","0"
"1961","Canada","2021A000011124","Production (metric tonnes)","Corn for grain","Metric tonnes","214","units","0","v114995731","1.19.11","742100","","","","0"
"1962","Canada","2021A000011124","Production (metric tonnes)","Corn for grain","Metric tonnes","214","units","0","v114995731","1.19.11","848400","","","","0"
"1963","Canada","2021A000011124","Production (metric tonnes)","Corn for grain","Metric tonnes","214","units","0","v114995731","1.19.11","919600","","","","0"
"1964","Canada","2021A000011124","Production (metric tonnes)","Corn for grain","Metric tonnes","214","units","0","v114995731","1.19.11","1342200","","","","0"
"1965","Canada","2021A000011124","Production (metric tonnes)","Corn for grain","Metric tonnes","214","units","0","v114995731","1.19.11","1511800","","","","0"
"1966","Canada","2021A000011124","Production (metric tonnes)","Corn for grain","Metric tonnes","214","units","0","v114995731","1.19.11","1685600","","","","0"
"1967","Canada","2021A000011124","Production (metric tonnes)","Corn for grain","Metric tonnes","214","units","0","v114995731","1.19.11","1882800","","","","0"
"1968","Canada","2021A000011124","Production (metric tonnes)","Corn for grain","Metric tonnes","214","units","0","v114995731","1.19.11","2076800","","","","0"
"1969","Canada","2021A000011124","Production (metric tonnes)","Corn for grain","Metric tonnes","214","units","0","v114995731","1.19.11","1883200","","","","0"
"1970","Canada","2021A000011124","Production (metric tonnes)","Corn for grain","Metric tonnes","214","units","0","v114995731","1.19.11","2633800","","","","0"
"1971","Canada","2021A000011124","Production (metric tonnes)","Corn for grain","Metric tonnes","214","units","0","v114995731","1.19.11","2941500","","","","0"
"1972","Canada","2021A000011124","Production (metric tonnes)","Corn for grain","Metric tonnes","214","units","0","v114995731","1.19.11","2566800","","","","0"
"1973","Canada","2021A000011124","Production (metric tonnes)","Corn for grain","Metric tonnes","214","units","0","v114995731","1.19.11","2879700","","","","0"
"1974","Canada","2021A000011124","Production (metric tonnes)","Corn for grain","Metric tonnes","214","units","0","v114995731","1.19.11","2620100","","","","0"
"1975","Canada","2021A000011124","Production (metric tonnes)","Corn for grain","Metric tonnes","214","units","0","v114995731","1.19.11","3644700","","","","0"
"1976","Canada","2021A000011124","Production (metric tonnes)","Corn for grain","Metric tonnes","214","units","0","v114995731","1.19.11","3759200","","","","0"
"1977","Canada","2021A000011124","Production (metric tonnes)","Corn for grain","Metric tonnes","214","units","0","v114995731","1.19.11","4248800","","","","0"
"1978","Canada","2021A000011124","Production (metric tonnes)","Corn for grain","Metric tonnes","214","units","0","v114995731","1.19.11","4479800","","","","0"
"1979","Canada","2021A000011124","Production (metric tonnes)","Corn for grain","Metric tonnes","214","units","0","v114995731","1.19.11","5276100","","","","0"
"1980","Canada","2021A000011124","Production (metric tonnes)","Corn for grain","Metric tonnes","214","units","0","v114995731","1.19.11","5753200","","","","0"
"1981","Canada","2021A000011124","Production (metric tonnes)","Corn for grain","Metric tonnes","214","units","0","v114995731","1.19.11","6682600","","","","0"
"1982","Canada","2021A000011124","Production (metric tonnes)","Corn for grain","Metric tonnes","214","units","0","v114995731","1.19.11","6522300","","","","0"
"1983","Canada","2021A000011124","Production (metric tonnes)","Corn for grain","Metric tonnes","214","units","0","v114995731","1.19.11","5930800","","","","0"
"1984","Canada","2021A000011124","Production (metric tonnes)","Corn for grain","Metric tonnes","214","units","0","v114995731","1.19.11","6777500","","","","0"
"1985","Canada","2021A000011124","Production (metric tonnes)","Corn for grain","Metric tonnes","214","units","0","v114995731","1.19.11","6969900","","","","0"
"1986","Canada","2021A000011124","Production (metric tonnes)","Corn for grain","Metric tonnes","214","units","0","v114995731","1.19.11","5911700","","","","0"
"1987","Canada","2021A000011124","Production (metric tonnes)","Corn for grain","Metric tonnes","214","units","0","v114995731","1.19.11","7064700","","","","0"
"1988","Canada","2021A000011124","Production (metric tonnes)","Corn for grain","Metric tonnes","214","units","0","v114995731","1.19.11","5449500","","","","0"
"1989","Canada","2021A000011124","Production (metric tonnes)","Corn for grain","Metric tonnes","214","units","0","v114995731","1.19.11","6570900","","","","0"
"1990","Canada","2021A000011124","Production (metric tonnes)","Corn for grain","Metric tonnes","214","units","0","v114995731","1.19.11","7066600","","","","0"
"1991","Canada","2021A000011124","Production (metric tonnes)","Corn for grain","Metric tonnes","214","units","0","v114995731","1.19.11","7412500","","","","0"
"1992","Canada","2021A000011124","Production (metric tonnes)","Corn for grain","Metric tonnes","214","units","0","v114995731","1.19.11","4882600","","","","0"
"1993","Canada","2021A000011124","Production (metric tonnes)","Corn for grain","Metric tonnes","214","units","0","v114995731","1.19.11","6755200","","","","0"
"1994","Canada","2021A000011124","Production (metric tonnes)","Corn for grain","Metric tonnes","214","units","0","v114995731","1.19.11","7189900","","","","0"
"1995","Canada","2021A000011124","Production (metric tonnes)","Corn for grain","Metric tonnes","214","units","0","v114995731","1.19.11","7280900","","","","0"
"1996","Canada","2021A000011124","Production (metric tonnes)","Corn for grain","Metric tonnes","214","units","0","v114995731","1.19.11","7541700","","","","0"
"1997","Canada","2021A000011124","Production (metric tonnes)","Corn for grain","Metric tonnes","214","units","0","v114995731","1.19.11","7179800","","","","0"
"1998","Canada","2021A000011124","Production (metric tonnes)","Corn for grain","Metric tonnes","214","units","0","v114995731","1.19.11","8952400","","","","0"
"1999","Canada","2021A000011124","Production (metric tonnes)","Corn for grain","Metric tonnes","214","units","0","v114995731","1.19.11","9161300","","","","0"
"2000","Canada","2021A000011124","Production (metric tonnes)","Corn for grain","Metric tonnes","214","units","0","v114995731","1.19.11","6953700","","","","0"
"2001","Canada","2021A000011124","Production (metric tonnes)","Corn for grain","Metric tonnes","214","units","0","v114995731","1.19.11","8389200","","","","0"
"2002","Canada","2021A000011124","Production (metric tonnes)","Corn for grain","Metric tonnes","214","units","0","v114995731","1.19.11","8998800","","","","0"
"2003","Canada","2021A000011124","Production (metric tonnes)","Corn for grain","Metric tonnes","214","units","0","v114995731","1.19.11","9587300","","","","0"
"2004","Canada","2021A000011124","Production (metric tonnes)","Corn for grain","Metric tonnes","214","units","0","v114995731","1.19.11","8836800","","","","0"
"2005","Canada","2021A000011124","Production (metric tonnes)","Corn for grain","Metric tonnes","214","units","0","v114995731","1.19.11","9332200","","","","0"
"2006","Canada","2021A000011124","Production (metric tonnes)","Corn for grain","Metric tonnes","214","units","0","v114995731","1.19.11","8989800","","","","0"
"2007","Canada","2021A000011124","Production (metric tonnes)","Corn for grain","Metric tonnes","214","units","0","v114995731","1.19.11","11648700","","","","0"
"2008","Canada","2021A000011124","Production (metric tonnes)","Corn for grain","Metric tonnes","214","units","0","v114995731","1.19.11","10642800","","","","0"
"2009","Canada","2021A000011124","Production (metric tonnes)","Corn for grain","Metric tonnes","214","units","0","v114995731","1.19.11","9796200","","","","0"
"2010","Canada","2021A000011124","Production (metric tonnes)","Corn for grain","Metric tonnes","214","units","0","v114995731","1.19.11","12043300","","","","0"
"2011","Canada","2021A000011124","Production (metric tonnes)","Corn for grain","Metric tonnes","214","units","0","v114995731","1.19.11","11358700","","","","0"
"2012","Canada","2021A000011124","Production (metric tonnes)","Corn for grain","Metric tonnes","214","units","0","v114995731","1.19.11","13060100","","","","0"
"2013","Canada","2021A000011124","Production (metric tonnes)","Corn for grain","Metric tonnes","214","units","0","v114995731","1.19.11","14190700","","","","0"
"2014","Canada","2021A000011124","Production (metric tonnes)","Corn for grain","Metric tonnes","214","units","0","v114995731","1.19.11","11606400","","","","0"
"2015","Canada","2021A000011124","Production (metric tonnes)","Corn for grain","Metric tonnes","214","units","0","v114995731","1.19.11","13679500","","","","0"
"2016","Canada","2021A000011124","Production (metric tonnes)","Corn for grain","Metric tonnes","214","units","0","v114995731","1.19.11","13889000","","","","0"
"2017","Canada","2021A000011124","Production (metric tonnes)","Corn for grain","Metric tonnes","214","units","0","v114995731","1.19.11","14095500","","","","0"
"2018","Canada","2021A000011124","Production (metric tonnes)","Corn for grain","Metric tonnes","214","units","0","v114995731","1.19.11","13884800","","","","0"
"2019","Canada","2021A000011124","Production (metric tonnes)","Corn for grain","Metric tonnes","214","units","0","v114995731","1.19.11","13403900","","","","0"
"2020","Canada","2021A000011124","Production (metric tonnes)","Corn for grain","Metric tonnes","214","units","0","v114995731","1.19.11","13563300","","","","0"
"2021","Canada","2021A000011124","Production (metric tonnes)","Corn for grain","Metric tonnes","214","units","0","v114995731","1.19.11","14610792","","","","0"
"2022","Canada","2021A000011124","Production (metric tonnes)","Corn for grain","Metric tonnes","214","units","0","v114995731","1.19.11","14538878","","","","0"
"2023","Canada","2021A000011124","Production (metric tonnes)","Corn for grain","Metric tonnes","214","units","0","v114995731","1.19.11","15420909","","r","","0"
"2024","Canada","2021A000011124","Production (metric tonnes)","Corn for grain","Metric tonnes","214","units","0","v114995731","1.19.11","15344938","","","","0"
"2025","Canada","2021A000011124","Production (metric tonnes)","Corn for grain","Metric tonnes","214","units","0","v114995731","1.19.11","15552530","","","","0"
"1908","Canada","2021A000011124","Production (metric tonnes)","Lentils","Metric tonnes","214","units","0","v114995735","1.19.32","","..","","","0"
"1909","Canada","2021A000011124","Production (metric tonnes)","Lentils","Metric tonnes","214","units","0","v114995735","1.19.32","","..","","","0"
"1910","Canada","2021A000011124","Production (metric tonnes)","Lentils","Metric tonnes","214","units","0","v114995735","1.19.32","","..","","","0"
"1911","Canada","2021A000011124","Production (metric tonnes)","Lentils","Metric tonnes","214","units","0","v114995735","1.19.32","","..","","","0"
"1912","Canada","2021A000011124","Production (metric tonnes)","Lentils","Metric tonnes","214","units","0","v114995735","1.19.32","","..","","","0"
"1913","Canada","2021A000011124","Production (metric tonnes)","Lentils","Metric tonnes","214","units","0","v114995735","1.19.32","","..","","","0"
"1914","Canada","2021A000011124","Production (metric tonnes)","Lentils","Metric tonnes","214","units","0","v114995735","1.19.32","","..","","","0"
"1915","Canada","2021A000011124","Production (metric tonnes)","Lentils","Metric tonnes","214","units","0","v114995735","1.19.32","","..","","","0"
"1916","Canada","2021A000011124","Production (metric tonnes)","Lentils","Metric tonnes","214","units","0","v114995735","1.19.32","","..","","","0"
"1917","Canada","2021A000011124","Production (metric tonnes)","Lentils","Metric tonnes","214","units","0","v114995735","1.19.32","","..","","","0"
"1918","Canada","2021A000011124","Production (metric tonnes)","Lentils","Metric tonnes","214","units","0","v114995735","1.19.32","","..","","","0"
"1919","Canada","2021A000011124","Production (metric tonnes)","Lentils","Metric tonnes","214","units","0","v114995735","1.19.32","","..","","","0"
"1920","Canada","2021A000011124","Production (metric tonnes)","Lentils","Metric tonnes","214","units","0","v114995735","1.19.32","","..","","","0"
"1921","Canada","2021A000011124","Production (metric tonnes)","Lentils","Metric tonnes","214","units","0","v114995735","1.19.32","","..","","","0"
"1922","Canada","2021A000011124","Production (metric tonnes)","Lentils","Metric tonnes","214","units","0","v114995735","1.19.32","","..","","","0"
"1923","Canada","2021A000011124","Production (metric tonnes)","Lentils","Metric tonnes","214","units","0","v114995735","1.19.32","","..","","","0"
"1924","Canada","2021A000011124","Production (metric tonnes)","Lentils","Metric tonnes","214","units","0","v114995735","1.19.32","","..","","","0"
"1925","Canada","2021A000011124","Production (metric tonnes)","Lentils","Metric tonnes","214","units","0","v114995735","1.19.32","","..","","","0"
"1926","Canada","2021A000011124","Production (metric tonnes)","Lentils","Metric tonnes","214","units","0","v114995735","1.19.32","","..","","","0"
"1927","Canada","2021A000011124","Production (metric tonnes)","Lentils","Metric tonnes","214","units","0","v114995735","1.19.32","","..","","","0"
"1928","Canada","2021A000011124","Production (metric tonnes)","Lentils","Metric tonnes","214","units","0","v114995735","1.19.32","","..","","","0"
"1929","Canada","2021A000011124","Production (metric tonnes)","Lentils","Metric tonnes","214","units","0","v114995735","1.19.32","","..","","","0"
"1930","Canada","2021A000011124","Production (metric tonnes)","Lentils","Metric tonnes","214","units","0","v114995735","1.19.32","","..","","","0"
"1931","Canada","2021A000011124","Production (metric tonnes)","Lentils","Metric tonnes","214","units","0","v114995735","1.19.32","","..","","","0"
"1932","Canada","2021A000011124","Production (metric tonnes)","Lentils","Metric tonnes","214","units","0","v114995735","1.19.32","","..","","","0"
"1933","Canada","2021A000011124","Production (metric tonnes)","Lentils","Metric tonnes","214","units","0","v114995735","1.19.32","","..","","","0"
"1934","Canada","2021A000011124","Production (metric tonnes)","Lentils","Metric tonnes","214","units","0","v114995735","1.19.32","","..","","","0"
"1935","Canada","2021A000011124","Production (metric tonnes)","Lentils","Metric tonnes","214","units","0","v114995735","1.19.32","","..","","","0"
"1936","Canada","2021A000011124","Production (metric tonnes)","Lentils","Metric tonnes","214","units","0","v114995735","1.19.32","","..","","","0"
"1937","Canada","2021A000011124","Production (metric tonnes)","Lentils","Metric tonnes","214","units","0","v114995735","1.19.32","","..","","","0"
"1938","Canada","2021A000011124","Production (metric tonnes)","Lentils","Metric tonnes","214","units","0","v114995735","1.19.32","","..","","","0"
"1939","Canada","2021A000011124","Production (metric tonnes)","Lentils","Metric tonnes","214","units","0","v114995735","1.19.32","","..","","","0"
"1940","Canada","2021A000011124","Production (metric tonnes)","Lentils","Metric tonnes","214","units","0","v114995735","1.19.32","","..","","","0"
"1941","Canada","2021A000011124","Production (metric tonnes)","Lentils","Metric tonnes","214","units","0","v114995735","1.19.32","","..","","","0"
"1942","Canada","2021A000011124","Production (metric tonnes)","Lentils","Metric tonnes","214","units","0","v114995735","1.19.32","","..","","","0"
"1943","Canada","2021A000011124","Production (metric tonnes)","Lentils","Metric tonnes","214","units","0","v114995735","1.19.32","","..","","","0"
"1944","Canada","2021A000011124","Production (metric tonnes)","Lentils","Metric tonnes","214","units","0","v114995735","1.19.32","","..","","","0"
"1945","Canada","2021A000011124","Production (metric tonnes)","Lentils","Metric tonnes","214","units","0","v114995735","1.19.32","","..","","","0"
"1946","Canada","2021A000011124","Production (metric tonnes)","Lentils","Metric tonnes","214","units","0","v114995735","1.19.32","","..","","","0"
"1947","Canada","2021A000011124","Production (metric tonnes)","Lentils","Metric tonnes","214","units","0","v114995735","1.19.32","","..","","","0"
"1948","Canada","2021A000011124","Production (metric tonnes)","Lentils","Metric tonnes","214","units","0","v114995735","1.19.32","","..","","","0"
"1949","Canada","2021A000011124","Production (metric tonnes)","Lentils","Metric tonnes","214","units","0","v114995735","1.19.32","","..","","","0"
"1950","Canada","2021A000011124","Production (metric tonnes)","Lentils","Metric tonnes","214","units","0","v114995735","1.19.32","","..","","","0"
"1951","Canada","2021A000011124","Production (metric tonnes)","Lentils","Metric tonnes","214","units","0","v114995735","1.19.32","","..","","","0"
"1952","Canada","2021A000011124","Production (metric tonnes)","Lentils","Metric tonnes","214","units","0","v114995735","1.19.32","","..","","","0"
"1953","Canada","2021A000011124","Production (metric tonnes)","Lentils","Metric tonnes","214","units","0","v114995735","1.19.32","","..","","","0"
"1954","Canada","2021A000011124","Production (metric tonnes)","Lentils","Metric tonnes","214","units","0","v114995735","1.19.32","","..","","","0"
"1955","Canada","2021A000011124","Production (metric tonnes)","Lentils","Metric tonnes","214","units","0","v114995735","1.19.32","","..","","","0"
"1956","Canada","2021A000011124","Production (metric tonnes)","Lentils","Metric tonnes","214","units","0","v114995735","1.19.32","","..","","","0"
"1957","Canada","2021A000011124","Production (metric tonnes)","Lentils","Metric tonnes","214","units","0","v114995735","1.19.32","","..","","","0"
"1958","Canada","2021A000011124","Production (metric tonnes)","Lentils","Metric tonnes","214","units","0","v114995735","1.19.32","","..","","","0"
"1959","Canada","2021A000011124","Production (metric tonnes)","Lentils","Metric tonnes","214","units","0","v114995735","1.19.32","","..","","","0"
"1960","Canada","2021A000011124","Production (metric tonnes)","Lentils","Metric tonnes","214","units","0","v114995735","1.19.32","","..","","","0"
"1961","Canada","2021A000011124","Production (metric tonnes)","Lentils","Metric tonnes","214","units","0","v114995735","1.19.32","","..","","","0"
"1962","Canada","2021A000011124","Production (metric tonnes)","Lentils","Metric tonnes","214","units","0","v114995735","1.19.32","","..","","","0"
"1963","Canada","2021A000011124","Production (metric tonnes)","Lentils","Metric tonnes","214","units","0","v114995735","1.19.32","","..","","","0"
"1964","Canada","2021A000011124","Production (metric tonnes)","Lentils","Metric tonnes","214","units","0","v114995735","1.19.32","","..","","","0"
"1965","Canada","2021A000011124","Production (metric tonnes)","Lentils","Metric tonnes","214","units","0","v114995735","1.19.32","","..","","","0"
"1966","Canada","2021A000011124","Production (metric tonnes)","Lentils","Metric tonnes","214","units","0","v114995735","1.19.32","","..","","","0"
"1967","Canada","2021A000011124","Production (metric tonnes)","Lentils","Metric tonnes","214","units","0","v114995735","1.19.32","","..","","","0"
"1968","Canada","2021A000011124","Production (metric tonnes)","Lentils","Metric tonnes","214","units","0","v114995735","1.19.32","","..","","","0"
"1969","Canada","2021A000011124","Production (metric tonnes)","Lentils","Metric tonnes","214","units","0","v114995735","1.19.32","","..","","","0"
"1970","Canada","2021A000011124","Production (metric tonnes)","Lentils","Metric tonnes","214","units","0","v114995735","1.19.32","","..","","","0"
"1971","Canada","2021A000011124","Production (metric tonnes)","Lentils","Metric tonnes","214","units","0","v114995735","1.19.32","","..","","","0"
"1972","Canada","2021A000011124","Production (metric tonnes)","Lentils","Metric tonnes","214","units","0","v114995735","1.19.32","","..","","","0"
"1973","Canada","2021A000011124","Production (metric tonnes)","Lentils","Metric tonnes","214","units","0","v114995735","1.19.32","","..","","","0"
"1974","Canada","2021A000011124","Production (metric tonnes)","Lentils","Metric tonnes","214","units","0","v114995735","1.19.32","","..","","","0"
"1975","Canada","2021A000011124","Production (metric tonnes)","Lentils","Metric tonnes","214","units","0","v114995735","1.19.32","","..","","","0"
"1976","Canada","2021A000011124","Production (metric tonnes)","Lentils","Metric tonnes","214","units","0","v114995735","1.19.32","","..","","","0"
"1977","Canada","2021A000011124","Production (metric tonnes)","Lentils","Metric tonnes","214","units","0","v114995735","1.19.32","","..","","","0"
"1978","Canada","2021A000011124","Production (metric tonnes)","Lentils","Metric tonnes","214","units","0","v114995735","1.19.32","","..","","","0"
"1979","Canada","2021A000011124","Production (metric tonnes)","Lentils","Metric tonnes","214","units","0","v114995735","1.19.32","","..","","","0"
"1980","Canada","2021A000011124","Production (metric tonnes)","Lentils","Metric tonnes","214","units","0","v114995735","1.19.32","","..","","","0"
"1981","Canada","2021A000011124","Production (metric tonnes)","Lentils","Metric tonnes","214","units","0","v114995735","1.19.32","55700","","","","0"
"1982","Canada","2021A000011124","Production (metric tonnes)","Lentils","Metric tonnes","214","units","0","v114995735","1.19.32","90200","","","","0"
"1983","Canada","2021A000011124","Production (metric tonnes)","Lentils","Metric tonnes","214","units","0","v114995735","1.19.32","57400","","","","0"
"1984","Canada","2021A000011124","Production (metric tonnes)","Lentils","Metric tonnes","214","units","0","v114995735","1.19.32","38900","","","","0"
"1985","Canada","2021A000011124","Production (metric tonnes)","Lentils","Metric tonnes","214","units","0","v114995735","1.19.32","62400","","","","0"
"1986","Canada","2021A000011124","Production (metric tonnes)","Lentils","Metric tonnes","214","units","0","v114995735","1.19.32","170500","","","","0"
"1987","Canada","2021A000011124","Production (metric tonnes)","Lentils","Metric tonnes","214","units","0","v114995735","1.19.32","286500","","","","0"
"1988","Canada","2021A000011124","Production (metric tonnes)","Lentils","Metric tonnes","214","units","0","v114995735","1.19.32","58600","","","","0"
"1989","Canada","2021A000011124","Production (metric tonnes)","Lentils","Metric tonnes","214","units","0","v114995735","1.19.32","96200","","","","0"
"1990","Canada","2021A000011124","Production (metric tonnes)","Lentils","Metric tonnes","214","units","0","v114995735","1.19.32","213200","","","","0"
"1991","Canada","2021A000011124","Production (metric tonnes)","Lentils","Metric tonnes","214","units","0","v114995735","1.19.32","342800","","","","0"
"1992","Canada","2021A000011124","Production (metric tonnes)","Lentils","Metric tonnes","214","units","0","v114995735","1.19.32","349000","","","","0"
"1993","Canada","2021A000011124","Production (metric tonnes)","Lentils","Metric tonnes","214","units","0","v114995735","1.19.32","348700","","","","0"
"1994","Canada","2021A000011124","Production (metric tonnes)","Lentils","Metric tonnes","214","units","0","v114995735","1.19.32","450400","","","","0"
"1995","Canada","2021A000011124","Production (metric tonnes)","Lentils","Metric tonnes","214","units","0","v114995735","1.19.32","431900","","","","0"
"1996","Canada","2021A000011124","Production (metric tonnes)","Lentils","Metric tonnes","214","units","0","v114995735","1.19.32","402500","","","","0"
"1997","Canada","2021A000011124","Production (metric tonnes)","Lentils","Metric tonnes","214","units","0","v114995735","1.19.32","378800","","","","0"
"1998","Canada","2021A000011124","Production (metric tonnes)","Lentils","Metric tonnes","214","units","0","v114995735","1.19.32","479800","","","","0"
"1999","Canada","2021A000011124","Production (metric tonnes)","Lentils","Metric tonnes","214","units","0","v114995735","1.19.32","723800","","","","0"
"2000","Canada","2021A000011124","Production (metric tonnes)","Lentils","Metric tonnes","214","units","0","v114995735","1.19.32","914100","","","","0"
"2001","Canada","2021A000011124","Production (metric tonnes)","Lentils","Metric tonnes","214","units","0","v114995735","1.19.32","566300","","","","0"
"2002","Canada","2021A000011124","Production (metric tonnes)","Lentils","Metric tonnes","214","units","0","v114995735","1.19.32","328000","","","","0"
"2003","Canada","2021A000011124","Production (metric tonnes)","Lentils","Metric tonnes","214","units","0","v114995735","1.19.32","484600","","","","0"
"2004","Canada","2021A000011124","Production (metric tonnes)","Lentils","Metric tonnes","214","units","0","v114995735","1.19.32","915800","","","","0"
"2005","Canada","2021A000011124","Production (metric tonnes)","Lentils","Metric tonnes","214","units","0","v114995735","1.19.32","1164300","","","","0"
"2006","Canada","2021A000011124","Production (metric tonnes)","Lentils","Metric tonnes","214","units","0","v114995735","1.19.32","692800","","","","0"
"2007","Canada","2021A000011124","Production (metric tonnes)","Lentils","Metric tonnes","214","units","0","v114995735","1.19.32","733900","","","","0"
"2008","Canada","2021A000011124","Production (metric tonnes)","Lentils","Metric tonnes","214","units","0","v114995735","1.19.32","1043200","","","","0"
"2009","Canada","2021A000011124","Production (metric tonnes)","Lentils","Metric tonnes","214","units","0","v114995735","1.19.32","1530200","","","","0"
"2010","Canada","2021A000011124","Production (metric tonnes)","Lentils","Metric tonnes","214","units","0","v114995735","1.19.32","2004800","","","","0"
"2011","Canada","2021A000011124","Production (metric tonnes)","Lentils","Metric tonnes","214","units","0","v114995735","1.19.32","1573500","","","","0"
"2012","Canada","2021A000011124","Production (metric tonnes)","Lentils","Metric tonnes","214","units","0","v114995735","1.19.32","1537900","","","","0"
"2013","Canada","2021A000011124","Production (metric tonnes)","Lentils","Metric tonnes","214","units","0","v114995735","1.19.32","2261700","","","","0"
"2014","Canada","2021A000011124","Production (metric tonnes)","Lentils","Metric tonnes","214","units","0","v114995735","1.19.32","1987000","","","","0"
"2015","Canada","2021A000011124","Production (metric tonnes)","Lentils","Metric tonnes","214","units","0","v114995735","1.19.32","2540500","","","","0"
"2016","Canada","2021A000011124","Production (metric tonnes)","Lentils","Metric tonnes","214","units","0","v114995735","1.19.32","3193800","","","","0"
"2017","Canada","2021A000011124","Production (metric tonnes)","Lentils","Metric tonnes","214","units","0","v114995735","1.19.32","2558500","","","","0"
"2018","Canada","2021A000011124","Production (metric tonnes)","Lentils","Metric tonnes","214","units","0","v114995735","1.19.32","2192100","","","","0"
"2019","Canada","2021A000011124","Production (metric tonnes)","Lentils","Metric tonnes","214","units","0","v114995735","1.19.32","2382000","","","","0"
"2020","Canada","2021A000011124","Production (metric tonnes)","Lentils","Metric tonnes","214","units","0","v114995735","1.19.32","2867700","","","","0"
"2021","Canada","2021A000011124","Production (metric tonnes)","Lentils","Metric tonnes","214","units","0","v114995735","1.19.32","1593640","","","","0"
"2022","Canada","2021A000011124","Production (metric tonnes)","Lentils","Metric tonnes","214","units","0","v114995735","1.19.32","2330638","","r","","0"
"2023","Canada","2021A000011124","Production (metric tonnes)","Lentils","Metric tonnes","214","units","0","v114995735","1.19.32","1801109","","r","","0"
"2024","Canada","2021A000011124","Production (metric tonnes)","Lentils","Metric tonnes","214","units","0","v114995735","1.19.32","2431284","","","","0"
"2025","Canada","2021A000011124","Production (metric tonnes)","Lentils","Metric tonnes","214","units","0","v114995735","1.19.32","2655168","","","","0"
"1908","Canada","2021A000011124","Production (metric tonnes)","Wheat, all","Metric tonnes","214","units","0","v114995749","1.19.1","3060250","","","","0"
"1909","Canada","2021A000011124","Production (metric tonnes)","Wheat, all","Metric tonnes","214","units","0","v114995749","1.19.1","4537850","","","","0"
"1910","Canada","2021A000011124","Production (metric tonnes)","Wheat, all","Metric tonnes","214","units","0","v114995749","1.19.1","3595200","","","","0"
"1911","Canada","2021A000011124","Production (metric tonnes)","Wheat, all","Metric tonnes","214","units","0","v114995749","1.19.1","6293500","","","","0"
"1912","Canada","2021A000011124","Production (metric tonnes)","Wheat, all","Metric tonnes","214","units","0","v114995749","1.19.1","6101350","","","","0"
"1913","Canada","2021A000011124","Production (metric tonnes)","Wheat, all","Metric tonnes","214","units","0","v114995749","1.19.1","6305250","","","","0"
"1914","Canada","2021A000011124","Production (metric tonnes)","Wheat, all","Metric tonnes","214","units","0","v114995749","1.19.1","4389200","","","","0"
"1915","Canada","2021A000011124","Production (metric tonnes)","Wheat, all","Metric tonnes","214","units","0","v114995749","1.19.1","10711050","","","","0"
"1916","Canada","2021A000011124","Production (metric tonnes)","Wheat, all","Metric tonnes","214","units","0","v114995749","1.19.1","7150950","","","","0"
"1917","Canada","2021A000011124","Production (metric tonnes)","Wheat, all","Metric tonnes","214","units","0","v114995749","1.19.1","6360900","","","","0"
"1918","Canada","2021A000011124","Production (metric tonnes)","Wheat, all","Metric tonnes","214","units","0","v114995749","1.19.1","5145600","","","","0"
"1919","Canada","2021A000011124","Production (metric tonnes)","Wheat, all","Metric tonnes","214","units","0","v114995749","1.19.1","5259700","","","","0"
"1920","Canada","2021A000011124","Production (metric tonnes)","Wheat, all","Metric tonnes","214","units","0","v114995749","1.19.1","7162350","","","","0"
"1921","Canada","2021A000011124","Production (metric tonnes)","Wheat, all","Metric tonnes","214","units","0","v114995749","1.19.1","8189050","","","","0"
"1922","Canada","2021A000011124","Production (metric tonnes)","Wheat, all","Metric tonnes","214","units","0","v114995749","1.19.1","10879150","","","","0"
"1923","Canada","2021A000011124","Production (metric tonnes)","Wheat, all","Metric tonnes","214","units","0","v114995749","1.19.1","12905350","","","","0"
"1924","Canada","2021A000011124","Production (metric tonnes)","Wheat, all","Metric tonnes","214","units","0","v114995749","1.19.1","7132200","","","","0"
"1925","Canada","2021A000011124","Production (metric tonnes)","Wheat, all","Metric tonnes","214","units","0","v114995749","1.19.1","10762900","","","","0"
"1926","Canada","2021A000011124","Production (metric tonnes)","Wheat, all","Metric tonnes","214","units","0","v114995749","1.19.1","11080950","","","","0"
"1927","Canada","2021A000011124","Production (metric tonnes)","Wheat, all","Metric tonnes","214","units","0","v114995749","1.19.1","13054850","","","","0"
"1928","Canada","2021A000011124","Production (metric tonnes)","Wheat, all","Metric tonnes","214","units","0","v114995749","1.19.1","15423950","","","","0"
"1929","Canada","2021A000011124","Production (metric tonnes)","Wheat, all","Metric tonnes","214","units","0","v114995749","1.19.1","8224050","","","","0"
"1930","Canada","2021A000011124","Production (metric tonnes)","Wheat, all","Metric tonnes","214","units","0","v114995749","1.19.1","11449000","","","","0"
"1931","Canada","2021A000011124","Production (metric tonnes)","Wheat, all","Metric tonnes","214","units","0","v114995749","1.19.1","8745350","","","","0"
"1932","Canada","2021A000011124","Production (metric tonnes)","Wheat, all","Metric tonnes","214","units","0","v114995749","1.19.1","12058550","","","","0"
"1933","Canada","2021A000011124","Production (metric tonnes)","Wheat, all","Metric tonnes","214","units","0","v114995749","1.19.1","7672150","","","","0"
"1934","Canada","2021A000011124","Production (metric tonnes)","Wheat, all","Metric tonnes","214","units","0","v114995749","1.19.1","7507950","","","","0"
"1935","Canada","2021A000011124","Production (metric tonnes)","Wheat, all","Metric tonnes","214","units","0","v114995749","1.19.1","7673600","","","","0"
"1936","Canada","2021A000011124","Production (metric tonnes)","Wheat, all","Metric tonnes","214","units","0","v114995749","1.19.1","5966950","","","","0"
"1937","Canada","2021A000011124","Production (metric tonnes)","Wheat, all","Metric tonnes","214","units","0","v114995749","1.19.1","4904500","","","","0"
"1938","Canada","2021A000011124","Production (metric tonnes)","Wheat, all","Metric tonnes","214","units","0","v114995749","1.19.1","9797150","","","","0"
"1939","Canada","2021A000011124","Production (metric tonnes)","Wheat, all","Metric tonnes","214","units","0","v114995749","1.19.1","14169400","","","","0"
"1940","Canada","2021A000011124","Production (metric tonnes)","Wheat, all","Metric tonnes","214","units","0","v114995749","1.19.1","14700800","","","","0"
"1941","Canada","2021A000011124","Production (metric tonnes)","Wheat, all","Metric tonnes","214","units","0","v114995749","1.19.1","8563850","","","","0"
"1942","Canada","2021A000011124","Production (metric tonnes)","Wheat, all","Metric tonnes","214","units","0","v114995749","1.19.1","15134600","","","","0"
"1943","Canada","2021A000011124","Production (metric tonnes)","Wheat, all","Metric tonnes","214","units","0","v114995749","1.19.1","7711450","","","","0"
"1944","Canada","2021A000011124","Production (metric tonnes)","Wheat, all","Metric tonnes","214","units","0","v114995749","1.19.1","11291450","","","","0"
"1945","Canada","2021A000011124","Production (metric tonnes)","Wheat, all","Metric tonnes","214","units","0","v114995749","1.19.1","8609550","","","","0"
"1946","Canada","2021A000011124","Production (metric tonnes)","Wheat, all","Metric tonnes","214","units","0","v114995749","1.19.1","11200950","","","","0"
"1947","Canada","2021A000011124","Production (metric tonnes)","Wheat, all","Metric tonnes","214","units","0","v114995749","1.19.1","9211550","","","","0"
"1948","Canada","2021A000011124","Production (metric tonnes)","Wheat, all","Metric tonnes","214","units","0","v114995749","1.19.1","10380750","","","","0"
"1949","Canada","2021A000011124","Production (metric tonnes)","Wheat, all","Metric tonnes","214","units","0","v114995749","1.19.1","9962000","","","","0"
"1950","Canada","2021A000011124","Production (metric tonnes)","Wheat, all","Metric tonnes","214","units","0","v114995749","1.19.1","12696650","","","","0"
"1951","Canada","2021A000011124","Production (metric tonnes)","Wheat, all","Metric tonnes","214","units","0","v114995749","1.19.1","15068600","","","","0"
"1952","Canada","2021A000011124","Production (metric tonnes)","Wheat, all","Metric tonnes","214","units","0","v114995749","1.19.1","19105400","","","","0"
"1953","Canada","2021A000011124","Production (metric tonnes)","Wheat, all","Metric tonnes","214","units","0","v114995749","1.19.1","17256300","","","","0"
"1954","Canada","2021A000011124","Production (metric tonnes)","Wheat, all","Metric tonnes","214","units","0","v114995749","1.19.1","9035200","","","","0"
"1955","Canada","2021A000011124","Production (metric tonnes)","Wheat, all","Metric tonnes","214","units","0","v114995749","1.19.1","14129200","","","","0"
"1956","Canada","2021A000011124","Production (metric tonnes)","Wheat, all","Metric tonnes","214","units","0","v114995749","1.19.1","15595500","","","","0"
"1957","Canada","2021A000011124","Production (metric tonnes)","Wheat, all","Metric tonnes","214","units","0","v114995749","1.19.1","10687000","","","","0"
"1958","Canada","2021A000011124","Production (metric tonnes)","Wheat, all","Metric tonnes","214","units","0","v114995749","1.19.1","10834300","","","","0"
"1959","Canada","2021A000011124","Production (metric tonnes)","Wheat, all","Metric tonnes","214","units","0","v114995749","1.19.1","12112150","","","","0"
"1960","Canada","2021A000011124","Production (metric tonnes)","Wheat, all","Metric tonnes","214","units","0","v114995749","1.19.1","14107400","","","","0"
"1961","Canada","2021A000011124","Production (metric tonnes)","Wheat, all","Metric tonnes","214","units","0","v114995749","1.19.1","7713950","","","","0"
"1962","Canada","2021A000011124","Production (metric tonnes)","Wheat, all","Metric tonnes","214","units","0","v114995749","1.19.1","15393450","","","","0"
"1963","Canada","2021A000011124","Production (metric tonnes)","Wheat, all","Metric tonnes","214","units","0","v114995749","1.19.1","19689650","","","","0"
"1964","Canada","2021A000011124","Production (metric tonnes)","Wheat, all","Metric tonnes","214","units","0","v114995749","1.19.1","16348800","","","","0"
"1965","Canada","2021A000011124","Production (metric tonnes)","Wheat, all","Metric tonnes","214","units","0","v114995749","1.19.1","17673950","","","","0"
"1966","Canada","2021A000011124","Production (metric tonnes)","Wheat, all","Metric tonnes","214","units","0","v114995749","1.19.1","22516850","","","","0"
"1967","Canada","2021A000011124","Production (metric tonnes)","Wheat, all","Metric tonnes","214","units","0","v114995749","1.19.1","16136450","","","","0"
"1968","Canada","2021A000011124","Production (metric tonnes)","Wheat, all","Metric tonnes","214","units","0","v114995749","1.19.1","17690400","","","","0"
"1969","Canada","2021A000011124","Production (metric tonnes)","Wheat, all","Metric tonnes","214","units","0","v114995749","1.19.1","18267950","","","","0"
"1970","Canada","2021A000011124","Production (metric tonnes)","Wheat, all","Metric tonnes","214","units","0","v114995749","1.19.1","9023050","","","","0"
"1971","Canada","2021A000011124","Production (metric tonnes)","Wheat, all","Metric tonnes","214","units","0","v114995749","1.19.1","14411900","","","","0"
"1972","Canada","2021A000011124","Production (metric tonnes)","Wheat, all","Metric tonnes","214","units","0","v114995749","1.19.1","14514450","","","","0"
"1973","Canada","2021A000011124","Production (metric tonnes)","Wheat, all","Metric tonnes","214","units","0","v114995749","1.19.1","16160350","","","","0"
"1974","Canada","2021A000011124","Production (metric tonnes)","Wheat, all","Metric tonnes","214","units","0","v114995749","1.19.1","13302300","","","","0"
"1975","Canada","2021A000011124","Production (metric tonnes)","Wheat, all","Metric tonnes","214","units","0","v114995749","1.19.1","17081600","","","","0"
"1976","Canada","2021A000011124","Production (metric tonnes)","Wheat, all","Metric tonnes","214","units","0","v114995749","1.19.1","23586674","","","","0"
"1977","Canada","2021A000011124","Production (metric tonnes)","Wheat, all","Metric tonnes","214","units","0","v114995749","1.19.1","19858700","","","","0"
"1978","Canada","2021A000011124","Production (metric tonnes)","Wheat, all","Metric tonnes","214","units","0","v114995749","1.19.1","21135600","","","","0"
"1979","Canada","2021A000011124","Production (metric tonnes)","Wheat, all","Metric tonnes","214","units","0","v114995749","1.19.1","17196300","","","","0"
"1980","Canada","2021A000011124","Production (metric tonnes)","Wheat, all","Metric tonnes","214","units","0","v114995749","1.19.1","19291400","","","","0"
"1981","Canada","2021A000011124","Production (metric tonnes)","Wheat, all","Metric tonnes","214","units","0","v114995749","1.19.1","24802200","","","","0"
"1982","Canada","2021A000011124","Production (metric tonnes)","Wheat, all","Metric tonnes","214","units","0","v114995749","1.19.1","26714750","","","","0"
"1983","Canada","2021A000011124","Production (metric tonnes)","Wheat, all","Metric tonnes","214","units","0","v114995749","1.19.1","26464200","","","","0"
"1984","Canada","2021A000011124","Production (metric tonnes)","Wheat, all","Metric tonnes","214","units","0","v114995749","1.19.1","21187900","","","","0"
"1985","Canada","2021A000011124","Production (metric tonnes)","Wheat, all","Metric tonnes","214","units","0","v114995749","1.19.1","24252200","","","","0"
"1986","Canada","2021A000011124","Production (metric tonnes)","Wheat, all","Metric tonnes","214","units","0","v114995749","1.19.1","31359300","","","","0"
"1987","Canada","2021A000011124","Production (metric tonnes)","Wheat, all","Metric tonnes","214","units","0","v114995749","1.19.1","25945300","","","","0"
"1988","Canada","2021A000011124","Production (metric tonnes)","Wheat, all","Metric tonnes","214","units","0","v114995749","1.19.1","15912700","","","","0"
"1989","Canada","2021A000011124","Production (metric tonnes)","Wheat, all","Metric tonnes","214","units","0","v114995749","1.19.1","24796200","","","","0"
"1990","Canada","2021A000011124","Production (metric tonnes)","Wheat, all","Metric tonnes","214","units","0","v114995749","1.19.1","32098300","","","","0"
"1991","Canada","2021A000011124","Production (metric tonnes)","Wheat, all","Metric tonnes","214","units","0","v114995749","1.19.1","31945600","","","","0"
"1992","Canada","2021A000011124","Production (metric tonnes)","Wheat, all","Metric tonnes","214","units","0","v114995749","1.19.1","29877200","","","","0"
"1993","Canada","2021A000011124","Production (metric tonnes)","Wheat, all","Metric tonnes","214","units","0","v114995749","1.19.1","27225900","","","","0"
"1994","Canada","2021A000011124","Production (metric tonnes)","Wheat, all","Metric tonnes","214","units","0","v114995749","1.19.1","22919500","","","","0"
"1995","Canada","2021A000011124","Production (metric tonnes)","Wheat, all","Metric tonnes","214","units","0","v114995749","1.19.1","24989400","","","","0"
"1996","Canada","2021A000011124","Production (metric tonnes)","Wheat, all","Metric tonnes","214","units","0","v114995749","1.19.1","29801400","","","","0"
"1997","Canada","2021A000011124","Production (metric tonnes)","Wheat, all","Metric tonnes","214","units","0","v114995749","1.19.1","24299400","","","","0"
"1998","Canada","2021A000011124","Production (metric tonnes)","Wheat, all","Metric tonnes","214","units","0","v114995749","1.19.1","24082300","","","","0"
"1999","Canada","2021A000011124","Production (metric tonnes)","Wheat, all","Metric tonnes","214","units","0","v114995749","1.19.1","26959900","","","","0"
"2000","Canada","2021A000011124","Production (metric tonnes)","Wheat, all","Metric tonnes","214","units","0","v114995749","1.19.1","26535500","","","","0"
"2001","Canada","2021A000011124","Production (metric tonnes)","Wheat, all","Metric tonnes","214","units","0","v114995749","1.19.1","20630200","","","","0"
"2002","Canada","2021A000011124","Production (metric tonnes)","Wheat, all","Metric tonnes","214","units","0","v114995749","1.19.1","15961300","","","","0"
"2003","Canada","2021A000011124","Production (metric tonnes)","Wheat, all","Metric tonnes","214","units","0","v114995749","1.19.1","23048600","","","","0"
"2004","Canada","2021A000011124","Production (metric tonnes)","Wheat, all","Metric tonnes","214","units","0","v114995749","1.19.1","24795500","","","","0"
"2005","Canada","2021A000011124","Production (metric tonnes)","Wheat, all","Metric tonnes","214","units","0","v114995749","1.19.1","25748100","","","","0"
"2006","Canada","2021A000011124","Production (metric tonnes)","Wheat, all","Metric tonnes","214","units","0","v114995749","1.19.1","25265400","","","","0"
"2007","Canada","2021A000011124","Production (metric tonnes)","Wheat, all","Metric tonnes","214","units","0","v114995749","1.19.1","20090400","","","","0"
"2008","Canada","2021A000011124","Production (metric tonnes)","Wheat, all","Metric tonnes","214","units","0","v114995749","1.19.1","28619200","","","","0"
"2009","Canada","2021A000011124","Production (metric tonnes)","Wheat, all","Metric tonnes","214","units","0","v114995749","1.19.1","26949900","","","","0"
"2010","Canada","2021A000011124","Production (metric tonnes)","Wheat, all","Metric tonnes","214","units","0","v114995749","1.19.1","23299600","","","","0"
"2011","Canada","2021A000011124","Production (metric tonnes)","Wheat, all","Metric tonnes","214","units","0","v114995749","1.19.1","25288000","","","","0"
"2012","Canada","2021A000011124","Production (metric tonnes)","Wheat, all","Metric tonnes","214","units","0","v114995749","1.19.1","27246000","","","","0"
"2013","Canada","2021A000011124","Production (metric tonnes)","Wheat, all","Metric tonnes","214","units","0","v114995749","1.19.1","37589100","","","","0"
"2014","Canada","2021A000011124","Production (metric tonnes)","Wheat, all","Metric tonnes","214","units","0","v114995749","1.19.1","29442100","","","","0"
"2015","Canada","2021A000011124","Production (metric tonnes)","Wheat, all","Metric tonnes","214","units","0","v114995749","1.19.1","27647400","","","","0"
"2016","Canada","2021A000011124","Production (metric tonnes)","Wheat, all","Metric tonnes","214","units","0","v114995749","1.19.1","32139900","","","","0"
"2017","Canada","2021A000011124","Production (metric tonnes)","Wheat, all","Metric tonnes","214","units","0","v114995749","1.19.1","30377300","","","","0"
"2018","Canada","2021A000011124","Production (metric tonnes)","Wheat, all","Metric tonnes","214","units","0","v114995749","1.19.1","32351900","","","","0"
"2019","Canada","2021A000011124","Production (metric tonnes)","Wheat, all","Metric tonnes","214","units","0","v114995749","1.19.1","32669800","","","","0"
"2020","Canada","2021A000011124","Production (metric tonnes)","Wheat, all","Metric tonnes","214","units","0","v114995749","1.19.1","35437200","","","","0"
"2021","Canada","2021A000011124","Production (metric tonnes)","Wheat, all","Metric tonnes","214","units","0","v114995749","1.19.1","22422100","","","","0"
"2022","Canada","2021A000011124","Production (metric tonnes)","Wheat, all","Metric tonnes","214","units","0","v114995749","1.19.1","34878782","","r","","0"
"2023","Canada","2021A000011124","Production (metric tonnes)","Wheat, all","Metric tonnes","214","units","0","v114995749","1.19.1","33413600","","r","","0"
"2024","Canada","2021A000011124","Production (metric tonnes)","Wheat, all","Metric tonnes","214","units","0","v114995749","1.19.1","35938839","","r","","0"
"2025","Canada","2021A000011124","Production (metric tonnes)","Wheat, all","Metric tonnes","214","units","0","v114995749","1.19.1","35547752","","","","0"
"1908","Canada","2021A000011124","Production (metric tonnes)","Wheat, durum","Metric tonnes","214","units","0","v115115187","1.19.4","","..","","","0"
"1909","Canada","2021A000011124","Production (metric tonnes)","Wheat, durum","Metric tonnes","214","units","0","v115115187","1.19.4","","..","","","0"
"1910","Canada","2021A000011124","Production (metric tonnes)","Wheat, durum","Metric tonnes","214","units","0","v115115187","1.19.4","","..","","","0"
"1911","Canada","2021A000011124","Production (metric tonnes)","Wheat, durum","Metric tonnes","214","units","0","v115115187","1.19.4","","..","","","0"
"1912","Canada","2021A000011124","Production (metric tonnes)","Wheat, durum","Metric tonnes","214","units","0","v115115187","1.19.4","","..","","","0"
"1913","Canada","2021A000011124","Production (metric tonnes)","Wheat, durum","Metric tonnes","214","units","0","v115115187","1.19.4","","..","","","0"
"1914","Canada","2021A000011124","Production (metric tonnes)","Wheat, durum","Metric tonnes","214","units","0","v115115187","1.19.4","","..","","","0"
"1915","Canada","2021A000011124","Production (metric tonnes)","Wheat, durum","Metric tonnes","214","units","0","v115115187","1.19.4","","..","","","0"
"1916","Canada","2021A000011124","Production (metric tonnes)","Wheat, durum","Metric tonnes","214","units","0","v115115187","1.19.4","","..","","","0"
"1917","Canada","2021A000011124","Production (metric tonnes)","Wheat, durum","Metric tonnes","214","units","0","v115115187","1.19.4","","..","","","0"
"1918","Canada","2021A000011124","Production (metric tonnes)","Wheat, durum","Metric tonnes","214","units","0","v115115187","1.19.4","","..","","","0"
"1919","Canada","2021A000011124","Production (metric tonnes)","Wheat, durum","Metric tonnes","214","units","0","v115115187","1.19.4","","..","","","0"
"1920","Canada","2021A000011124","Production (metric tonnes)","Wheat, durum","Metric tonnes","214","units","0","v115115187","1.19.4","","..","","","0"
"1921","Canada","2021A000011124","Production (metric tonnes)","Wheat, durum","Metric tonnes","214","units","0","v115115187","1.19.4","","..","","","0"
"1922","Canada","2021A000011124","Production (metric tonnes)","Wheat, durum","Metric tonnes","214","units","0","v115115187","1.19.4","","..","","","0"
"1923","Canada","2021A000011124","Production (metric tonnes)","Wheat, durum","Metric tonnes","214","units","0","v115115187","1.19.4","","..","","","0"
"1924","Canada","2021A000011124","Production (metric tonnes)","Wheat, durum","Metric tonnes","214","units","0","v115115187","1.19.4","","..","","","0"
"1925","Canada","2021A000011124","Production (metric tonnes)","Wheat, durum","Metric tonnes","214","units","0","v115115187","1.19.4","","..","","","0"
"1926","Canada","2021A000011124","Production (metric tonnes)","Wheat, durum","Metric tonnes","214","units","0","v115115187","1.19.4","","..","","","0"
"1927","Canada","2021A000011124","Production (metric tonnes)","Wheat, durum","Metric tonnes","214","units","0","v115115187","1.19.4","","..","","","0"
"1928","Canada","2021A000011124","Production (metric tonnes)","Wheat, durum","Metric tonnes","214","units","0","v115115187","1.19.4","","..","","","0"
"1929","Canada","2021A000011124","Production (metric tonnes)","Wheat, durum","Metric tonnes","214","units","0","v115115187","1.19.4","","..","","","0"
"1930","Canada","2021A000011124","Production (metric tonnes)","Wheat, durum","Metric tonnes","214","units","0","v115115187","1.19.4","","..","","","0"
"1931","Canada","2021A000011124","Production (metric tonnes)","Wheat, durum","Metric tonnes","214","units","0","v115115187","1.19.4","","..","","","0"
"1932","Canada","2021A000011124","Production (metric tonnes)","Wheat, durum","Metric tonnes","214","units","0","v115115187","1.19.4","","..","","","0"
"1933","Canada","2021A000011124","Production (metric tonnes)","Wheat, durum","Metric tonnes","214","units","0","v115115187","1.19.4","","..","","","0"
"1934","Canada","2021A000011124","Production (metric tonnes)","Wheat, durum","Metric tonnes","214","units","0","v115115187","1.19.4","","..","","","0"
"1935","Canada","2021A000011124","Production (metric tonnes)","Wheat, durum","Metric tonnes","214","units","0","v115115187","1.19.4","","..","","","0"
"1936","Canada","2021A000011124","Production (metric tonnes)","Wheat, durum","Metric tonnes","214","units","0","v115115187","1.19.4","","..","","","0"
"1937","Canada","2021A000011124","Production (metric tonnes)","Wheat, durum","Metric tonnes","214","units","0","v115115187","1.19.4","","..","","","0"
"1938","Canada","2021A000011124","Production (metric tonnes)","Wheat, durum","Metric tonnes","214","units","0","v115115187","1.19.4","","..","","","0"
"1939","Canada","2021A000011124","Production (metric tonnes)","Wheat, durum","Metric tonnes","214","units","0","v115115187","1.19.4","","..","","","0"
"1940","Canada","2021A000011124","Production (metric tonnes)","Wheat, durum","Metric tonnes","214","units","0","v115115187","1.19.4","","..","","","0"
"1941","Canada","2021A000011124","Production (metric tonnes)","Wheat, durum","Metric tonnes","214","units","0","v115115187","1.19.4","","..","","","0"
"1942","Canada","2021A000011124","Production (metric tonnes)","Wheat, durum","Metric tonnes","214","units","0","v115115187","1.19.4","","..","","","0"
"1943","Canada","2021A000011124","Production (metric tonnes)","Wheat, durum","Metric tonnes","214","units","0","v115115187","1.19.4","","..","","","0"
"1944","Canada","2021A000011124","Production (metric tonnes)","Wheat, durum","Metric tonnes","214","units","0","v115115187","1.19.4","","..","","","0"
"1945","Canada","2021A000011124","Production (metric tonnes)","Wheat, durum","Metric tonnes","214","units","0","v115115187","1.19.4","","..","","","0"
"1946","Canada","2021A000011124","Production (metric tonnes)","Wheat, durum","Metric tonnes","214","units","0","v115115187","1.19.4","","..","","","0"
"1947","Canada","2021A000011124","Production (metric tonnes)","Wheat, durum","Metric tonnes","214","units","0","v115115187","1.19.4","","..","","","0"
"1948","Canada","2021A000011124","Production (metric tonnes)","Wheat, durum","Metric tonnes","214","units","0","v115115187","1.19.4","","..","","","0"
"1949","Canada","2021A000011124","Production (metric tonnes)","Wheat, durum","Metric tonnes","214","units","0","v115115187","1.19.4","","..","","","0"
"1950","Canada","2021A000011124","Production (metric tonnes)","Wheat, durum","Metric tonnes","214","units","0","v115115187","1.19.4","","..","","","0"
"1951","Canada","2021A000011124","Production (metric tonnes)","Wheat, durum","Metric tonnes","214","units","0","v115115187","1.19.4","","..","","","0"
"1952","Canada","2021A000011124","Production (metric tonnes)","Wheat, durum","Metric tonnes","214","units","0","v115115187","1.19.4","","..","","","0"
"1953","Canada","2021A000011124","Production (metric tonnes)","Wheat, durum","Metric tonnes","214","units","0","v115115187","1.19.4","","..","","","0"
"1954","Canada","2021A000011124","Production (metric tonnes)","Wheat, durum","Metric tonnes","214","units","0","v115115187","1.19.4","","..","","","0"
"1955","Canada","2021A000011124","Production (metric tonnes)","Wheat, durum","Metric tonnes","214","units","0","v115115187","1.19.4","","..","","","0"
"1956","Canada","2021A000011124","Production (metric tonnes)","Wheat, durum","Metric tonnes","214","units","0","v115115187","1.19.4","","..","","","0"
"1957","Canada","2021A000011124","Production (metric tonnes)","Wheat, durum","Metric tonnes","214","units","0","v115115187","1.19.4","","..","","","0"
"1958","Canada","2021A000011124","Production (metric tonnes)","Wheat, durum","Metric tonnes","214","units","0","v115115187","1.19.4","","..","","","0"
"1959","Canada","2021A000011124","Production (metric tonnes)","Wheat, durum","Metric tonnes","214","units","0","v115115187","1.19.4","","..","","","0"
"1960","Canada","2021A000011124","Production (metric tonnes)","Wheat, durum","Metric tonnes","214","units","0","v115115187","1.19.4","","..","","","0"
"1961","Canada","2021A000011124","Production (metric tonnes)","Wheat, durum","Metric tonnes","214","units","0","v115115187","1.19.4","","..","","","0"
"1962","Canada","2021A000011124","Production (metric tonnes)","Wheat, durum","Metric tonnes","214","units","0","v115115187","1.19.4","","..","","","0"
"1963","Canada","2021A000011124","Production (metric tonnes)","Wheat, durum","Metric tonnes","214","units","0","v115115187","1.19.4","","..","","","0"
"1964","Canada","2021A000011124","Production (metric tonnes)","Wheat, durum","Metric tonnes","214","units","0","v115115187","1.19.4","","..","","","0"
"1965","Canada","2021A000011124","Production (metric tonnes)","Wheat, durum","Metric tonnes","214","units","0","v115115187","1.19.4","","..","","","0"
"1966","Canada","2021A000011124","Production (metric tonnes)","Wheat, durum","Metric tonnes","214","units","0","v115115187","1.19.4","","..","","","0"
"1967","Canada","2021A000011124","Production (metric tonnes)","Wheat, durum","Metric tonnes","214","units","0","v115115187","1.19.4","","..","","","0"
"1968","Canada","2021A000011124","Production (metric tonnes)","Wheat, durum","Metric tonnes","214","units","0","v115115187","1.19.4","","..","","","0"
"1969","Canada","2021A000011124","Production (metric tonnes)","Wheat, durum","Metric tonnes","214","units","0","v115115187","1.19.4","","..","","","0"
"1970","Canada","2021A000011124","Production (metric tonnes)","Wheat, durum","Metric tonnes","214","units","0","v115115187","1.19.4","","..","","","0"
"1971","Canada","2021A000011124","Production (metric tonnes)","Wheat, durum","Metric tonnes","214","units","0","v115115187","1.19.4","","..","","","0"
"1972","Canada","2021A000011124","Production (metric tonnes)","Wheat, durum","Metric tonnes","214","units","0","v115115187","1.19.4","","..","","","0"
"1973","Canada","2021A000011124","Production (metric tonnes)","Wheat, durum","Metric tonnes","214","units","0","v115115187","1.19.4","","..","","","0"
"1974","Canada","2021A000011124","Production (metric tonnes)","Wheat, durum","Metric tonnes","214","units","0","v115115187","1.19.4","","..","","","0"
"1975","Canada","2021A000011124","Production (metric tonnes)","Wheat, durum","Metric tonnes","214","units","0","v115115187","1.19.4","","..","","","0"
"1976","Canada","2021A000011124","Production (metric tonnes)","Wheat, durum","Metric tonnes","214","units","0","v115115187","1.19.4","","..","","","0"
"1977","Canada","2021A000011124","Production (metric tonnes)","Wheat, durum","Metric tonnes","214","units","0","v115115187","1.19.4","","..","","","0"
"1978","Canada","2021A000011124","Production (metric tonnes)","Wheat, durum","Metric tonnes","214","units","0","v115115187","1.19.4","","..","","","0"
"1979","Canada","2021A000011124","Production (metric tonnes)","Wheat, durum","Metric tonnes","214","units","0","v115115187","1.19.4","","..","","","0"
"1980","Canada","2021A000011124","Production (metric tonnes)","Wheat, durum","Metric tonnes","214","units","0","v115115187","1.19.4","","..","","","0"
"1981","Canada","2021A000011124","Production (metric tonnes)","Wheat, durum","Metric tonnes","214","units","0","v115115187","1.19.4","","..","","","0"
"1982","Canada","2021A000011124","Production (metric tonnes)","Wheat, durum","Metric tonnes","214","units","0","v115115187","1.19.4","","..","","","0"
"1983","Canada","2021A000011124","Production (metric tonnes)","Wheat, durum","Metric tonnes","214","units","0","v115115187","1.19.4","","..","","","0"
"1984","Canada","2021A000011124","Production (metric tonnes)","Wheat, durum","Metric tonnes","214","units","0","v115115187","1.19.4","","..","","","0"
"1985","Canada","2021A000011124","Production (metric tonnes)","Wheat, durum","Metric tonnes","214","units","0","v115115187","1.19.4","","..","","","0"
"1986","Canada","2021A000011124","Production (metric tonnes)","Wheat, durum","Metric tonnes","214","units","0","v115115187","1.19.4","","..","","","0"
"1987","Canada","2021A000011124","Production (metric tonnes)","Wheat, durum","Metric tonnes","214","units","0","v115115187","1.19.4","","..","","","0"
"1988","Canada","2021A000011124","Production (metric tonnes)","Wheat, durum","Metric tonnes","214","units","0","v115115187","1.19.4","","..","","","0"
"1989","Canada","2021A000011124","Production (metric tonnes)","Wheat, durum","Metric tonnes","214","units","0","v115115187","1.19.4","","..","","","0"
"1990","Canada","2021A000011124","Production (metric tonnes)","Wheat, durum","Metric tonnes","214","units","0","v115115187","1.19.4","","..","","","0"
"1991","Canada","2021A000011124","Production (metric tonnes)","Wheat, durum","Metric tonnes","214","units","0","v115115187","1.19.4","4585800","","","","0"
"1992","Canada","2021A000011124","Production (metric tonnes)","Wheat, durum","Metric tonnes","214","units","0","v115115187","1.19.4","3137900","","","","0"
"1993","Canada","2021A000011124","Production (metric tonnes)","Wheat, durum","Metric tonnes","214","units","0","v115115187","1.19.4","3358400","","","","0"
"1994","Canada","2021A000011124","Production (metric tonnes)","Wheat, durum","Metric tonnes","214","units","0","v115115187","1.19.4","4634800","","","","0"
"1995","Canada","2021A000011124","Production (metric tonnes)","Wheat, durum","Metric tonnes","214","units","0","v115115187","1.19.4","4648400","","","","0"
"1996","Canada","2021A000011124","Production (metric tonnes)","Wheat, durum","Metric tonnes","214","units","0","v115115187","1.19.4","4626600","","","","0"
"1997","Canada","2021A000011124","Production (metric tonnes)","Wheat, durum","Metric tonnes","214","units","0","v115115187","1.19.4","4351700","","","","0"
"1998","Canada","2021A000011124","Production (metric tonnes)","Wheat, durum","Metric tonnes","214","units","0","v115115187","1.19.4","6041900","","","","0"
"1999","Canada","2021A000011124","Production (metric tonnes)","Wheat, durum","Metric tonnes","214","units","0","v115115187","1.19.4","4340900","","","","0"
"2000","Canada","2021A000011124","Production (metric tonnes)","Wheat, durum","Metric tonnes","214","units","0","v115115187","1.19.4","5708500","","","","0"
"2001","Canada","2021A000011124","Production (metric tonnes)","Wheat, durum","Metric tonnes","214","units","0","v115115187","1.19.4","3049500","","","","0"
"2002","Canada","2021A000011124","Production (metric tonnes)","Wheat, durum","Metric tonnes","214","units","0","v115115187","1.19.4","3876900","","","","0"
"2003","Canada","2021A000011124","Production (metric tonnes)","Wheat, durum","Metric tonnes","214","units","0","v115115187","1.19.4","4211600","","","","0"
"2004","Canada","2021A000011124","Production (metric tonnes)","Wheat, durum","Metric tonnes","214","units","0","v115115187","1.19.4","4801400","","","","0"
"2005","Canada","2021A000011124","Production (metric tonnes)","Wheat, durum","Metric tonnes","214","units","0","v115115187","1.19.4","5914600","","","","0"
"2006","Canada","2021A000011124","Production (metric tonnes)","Wheat, durum","Metric tonnes","214","units","0","v115115187","1.19.4","3346200","","","","0"
"2007","Canada","2021A000011124","Production (metric tonnes)","Wheat, durum","Metric tonnes","214","units","0","v115115187","1.19.4","3681400","","","","0"
"2008","Canada","2021A000011124","Production (metric tonnes)","Wheat, durum","Metric tonnes","214","units","0","v115115187","1.19.4","5519300","","","","0"
"2009","Canada","2021A000011124","Production (metric tonnes)","Wheat, durum","Metric tonnes","214","units","0","v115115187","1.19.4","5399600","","","","0"
"2010","Canada","2021A000011124","Production (metric tonnes)","Wheat, durum","Metric tonnes","214","units","0","v115115187","1.19.4","3024700","","","","0"
"2011","Canada","2021A000011124","Production (metric tonnes)","Wheat, durum","Metric tonnes","214","units","0","v115115187","1.19.4","4172100","","","","0"
"2012","Canada","2021A000011124","Production (metric tonnes)","Wheat, durum","Metric tonnes","214","units","0","v115115187","1.19.4","4626600","","","","0"
"2013","Canada","2021A000011124","Production (metric tonnes)","Wheat, durum","Metric tonnes","214","units","0","v115115187","1.19.4","6504500","","","","0"
"2014","Canada","2021A000011124","Production (metric tonnes)","Wheat, durum","Metric tonnes","214","units","0","v115115187","1.19.4","5192700","","","","0"
"2015","Canada","2021A000011124","Production (metric tonnes)","Wheat, durum","Metric tonnes","214","units","0","v115115187","1.19.4","5388700","","","","0"
"2016","Canada","2021A000011124","Production (metric tonnes)","Wheat, durum","Metric tonnes","214","units","0","v115115187","1.19.4","7761800","","","","0"
"2017","Canada","2021A000011124","Production (metric tonnes)","Wheat, durum","Metric tonnes","214","units","0","v115115187","1.19.4","4962200","","","","0"
"2018","Canada","2021A000011124","Production (metric tonnes)","Wheat, durum","Metric tonnes","214","units","0","v115115187","1.19.4","5784800","","","","0"
"2019","Canada","2021A000011124","Production (metric tonnes)","Wheat, durum","Metric tonnes","214","units","0","v115115187","1.19.4","5017000","","","","0"
"2020","Canada","2021A000011124","Production (metric tonnes)","Wheat, durum","Metric tonnes","214","units","0","v115115187","1.19.4","6571200","","","","0"
"2021","Canada","2021A000011124","Production (metric tonnes)","Wheat, durum","Metric tonnes","214","units","0","v115115187","1.19.4","3032490","","","","0"
"2022","Canada","2021A000011124","Production (metric tonnes)","Wheat, durum","Metric tonnes","214","units","0","v115115187","1.19.4","5790370","","r","","0"
"2023","Canada","2021A000011124","Production (metric tonnes)","Wheat, durum","Metric tonnes","214","units","0","v115115187","1.19.4","4246938","","r","","0"
"2024","Canada","2021A000011124","Production (metric tonnes)","Wheat, durum","Metric tonnes","214","units","0","v115115187","1.19.4","6380314","","r","","0"
"2025","Canada","2021A000011124","Production (metric tonnes)","Wheat, durum","Metric tonnes","214","units","0","v115115187","1.19.4","6077977","","","","0"
"1908","Canada","2021A000011124","Production (metric tonnes)","Wheat, spring","Metric tonnes","214","units","0","v114995750","1.19.2","2630250","","","","0"
"1909","Canada","2021A000011124","Production (metric tonnes)","Wheat, spring","Metric tonnes","214","units","0","v114995750","1.19.2","4154850","","","","0"
"1910","Canada","2021A000011124","Production (metric tonnes)","Wheat, spring","Metric tonnes","214","units","0","v114995750","1.19.2","3109200","","","","0"
"1911","Canada","2021A000011124","Production (metric tonnes)","Wheat, spring","Metric tonnes","214","units","0","v114995750","1.19.2","5817500","","","","0"
"1912","Canada","2021A000011124","Production (metric tonnes)","Wheat, spring","Metric tonnes","214","units","0","v114995750","1.19.2","5688350","","","","0"
"1913","Canada","2021A000011124","Production (metric tonnes)","Wheat, spring","Metric tonnes","214","units","0","v114995750","1.19.2","5824250","","","","0"
"1914","Canada","2021A000011124","Production (metric tonnes)","Wheat, spring","Metric tonnes","214","units","0","v114995750","1.19.2","3963200","","","","0"
"1915","Canada","2021A000011124","Production (metric tonnes)","Wheat, spring","Metric tonnes","214","units","0","v114995750","1.19.2","9961050","","","","0"
"1916","Canada","2021A000011124","Production (metric tonnes)","Wheat, spring","Metric tonnes","214","units","0","v114995750","1.19.2","6702950","","","","0"
"1917","Canada","2021A000011124","Production (metric tonnes)","Wheat, spring","Metric tonnes","214","units","0","v114995750","1.19.2","5976900","","","","0"
"1918","Canada","2021A000011124","Production (metric tonnes)","Wheat, spring","Metric tonnes","214","units","0","v114995750","1.19.2","4953600","","","","0"
"1919","Canada","2021A000011124","Production (metric tonnes)","Wheat, spring","Metric tonnes","214","units","0","v114995750","1.19.2","4849700","","","","0"
"1920","Canada","2021A000011124","Production (metric tonnes)","Wheat, spring","Metric tonnes","214","units","0","v114995750","1.19.2","6659350","","","","0"
"1921","Canada","2021A000011124","Production (metric tonnes)","Wheat, spring","Metric tonnes","214","units","0","v114995750","1.19.2","7817050","","","","0"
"1922","Canada","2021A000011124","Production (metric tonnes)","Wheat, spring","Metric tonnes","214","units","0","v114995750","1.19.2","10395150","","","","0"
"1923","Canada","2021A000011124","Production (metric tonnes)","Wheat, spring","Metric tonnes","214","units","0","v114995750","1.19.2","12453350","","","","0"
"1924","Canada","2021A000011124","Production (metric tonnes)","Wheat, spring","Metric tonnes","214","units","0","v114995750","1.19.2","6550200","","","","0"
"1925","Canada","2021A000011124","Production (metric tonnes)","Wheat, spring","Metric tonnes","214","units","0","v114995750","1.19.2","10142900","","","","0"
"1926","Canada","2021A000011124","Production (metric tonnes)","Wheat, spring","Metric tonnes","214","units","0","v114995750","1.19.2","10510950","","","","0"
"1927","Canada","2021A000011124","Production (metric tonnes)","Wheat, spring","Metric tonnes","214","units","0","v114995750","1.19.2","12525850","","","","0"
"1928","Canada","2021A000011124","Production (metric tonnes)","Wheat, spring","Metric tonnes","214","units","0","v114995750","1.19.2","14967950","","","","0"
"1929","Canada","2021A000011124","Production (metric tonnes)","Wheat, spring","Metric tonnes","214","units","0","v114995750","1.19.2","7739050","","","","0"
"1930","Canada","2021A000011124","Production (metric tonnes)","Wheat, spring","Metric tonnes","214","units","0","v114995750","1.19.2","10958000","","","","0"
"1931","Canada","2021A000011124","Production (metric tonnes)","Wheat, spring","Metric tonnes","214","units","0","v114995750","1.19.2","8331350","","","","0"
"1932","Canada","2021A000011124","Production (metric tonnes)","Wheat, spring","Metric tonnes","214","units","0","v114995750","1.19.2","11648550","","","","0"
"1933","Canada","2021A000011124","Production (metric tonnes)","Wheat, spring","Metric tonnes","214","units","0","v114995750","1.19.2","7290150","","","","0"
"1934","Canada","2021A000011124","Production (metric tonnes)","Wheat, spring","Metric tonnes","214","units","0","v114995750","1.19.2","7324950","","","","0"
"1935","Canada","2021A000011124","Production (metric tonnes)","Wheat, spring","Metric tonnes","214","units","0","v114995750","1.19.2","7330600","","","","0"
"1936","Canada","2021A000011124","Production (metric tonnes)","Wheat, spring","Metric tonnes","214","units","0","v114995750","1.19.2","5626950","","","","0"
"1937","Canada","2021A000011124","Production (metric tonnes)","Wheat, spring","Metric tonnes","214","units","0","v114995750","1.19.2","4395500","","","","0"
"1938","Canada","2021A000011124","Production (metric tonnes)","Wheat, spring","Metric tonnes","214","units","0","v114995750","1.19.2","9258150","","","","0"
"1939","Canada","2021A000011124","Production (metric tonnes)","Wheat, spring","Metric tonnes","214","units","0","v114995750","1.19.2","13563400","","","","0"
"1940","Canada","2021A000011124","Production (metric tonnes)","Wheat, spring","Metric tonnes","214","units","0","v114995750","1.19.2","14099800","","","","0"
"1941","Canada","2021A000011124","Production (metric tonnes)","Wheat, spring","Metric tonnes","214","units","0","v114995750","1.19.2","8053850","","","","0"
"1942","Canada","2021A000011124","Production (metric tonnes)","Wheat, spring","Metric tonnes","214","units","0","v114995750","1.19.2","14322600","","","","0"
"1943","Canada","2021A000011124","Production (metric tonnes)","Wheat, spring","Metric tonnes","214","units","0","v114995750","1.19.2","7189450","","","","0"
"1944","Canada","2021A000011124","Production (metric tonnes)","Wheat, spring","Metric tonnes","214","units","0","v114995750","1.19.2","10502450","","","","0"
"1945","Canada","2021A000011124","Production (metric tonnes)","Wheat, spring","Metric tonnes","214","units","0","v114995750","1.19.2","7951550","","","","0"
"1946","Canada","2021A000011124","Production (metric tonnes)","Wheat, spring","Metric tonnes","214","units","0","v114995750","1.19.2","10512950","","","","0"
"1947","Canada","2021A000011124","Production (metric tonnes)","Wheat, spring","Metric tonnes","214","units","0","v114995750","1.19.2","8432550","","","","0"
"1948","Canada","2021A000011124","Production (metric tonnes)","Wheat, spring","Metric tonnes","214","units","0","v114995750","1.19.2","9254750","","","","0"
"1949","Canada","2021A000011124","Production (metric tonnes)","Wheat, spring","Metric tonnes","214","units","0","v114995750","1.19.2","9001000","","","","0"
"1950","Canada","2021A000011124","Production (metric tonnes)","Wheat, spring","Metric tonnes","214","units","0","v114995750","1.19.2","11508650","","","","0"
"1951","Canada","2021A000011124","Production (metric tonnes)","Wheat, spring","Metric tonnes","214","units","0","v114995750","1.19.2","14173600","","","","0"
"1952","Canada","2021A000011124","Production (metric tonnes)","Wheat, spring","Metric tonnes","214","units","0","v114995750","1.19.2","18262400","","","","0"
"1953","Canada","2021A000011124","Production (metric tonnes)","Wheat, spring","Metric tonnes","214","units","0","v114995750","1.19.2","16295300","","","","0"
"1954","Canada","2021A000011124","Production (metric tonnes)","Wheat, spring","Metric tonnes","214","units","0","v114995750","1.19.2","8198200","","","","0"
"1955","Canada","2021A000011124","Production (metric tonnes)","Wheat, spring","Metric tonnes","214","units","0","v114995750","1.19.2","13115200","","","","0"
"1956","Canada","2021A000011124","Production (metric tonnes)","Wheat, spring","Metric tonnes","214","units","0","v114995750","1.19.2","13973500","","","","0"
"1957","Canada","2021A000011124","Production (metric tonnes)","Wheat, spring","Metric tonnes","214","units","0","v114995750","1.19.2","8954000","","","","0"
"1958","Canada","2021A000011124","Production (metric tonnes)","Wheat, spring","Metric tonnes","214","units","0","v114995750","1.19.2","9751300","","","","0"
"1959","Canada","2021A000011124","Production (metric tonnes)","Wheat, spring","Metric tonnes","214","units","0","v114995750","1.19.2","11365150","","","","0"
"1960","Canada","2021A000011124","Production (metric tonnes)","Wheat, spring","Metric tonnes","214","units","0","v114995750","1.19.2","13134400","","","","0"
"1961","Canada","2021A000011124","Production (metric tonnes)","Wheat, spring","Metric tonnes","214","units","0","v114995750","1.19.2","6774950","","","","0"
"1962","Canada","2021A000011124","Production (metric tonnes)","Wheat, spring","Metric tonnes","214","units","0","v114995750","1.19.2","13176450","","","","0"
"1963","Canada","2021A000011124","Production (metric tonnes)","Wheat, spring","Metric tonnes","214","units","0","v114995750","1.19.2","17849650","","","","0"
"1964","Canada","2021A000011124","Production (metric tonnes)","Wheat, spring","Metric tonnes","214","units","0","v114995750","1.19.2","14978800","","","","0"
"1965","Canada","2021A000011124","Production (metric tonnes)","Wheat, spring","Metric tonnes","214","units","0","v114995750","1.19.2","16879950","","","","0"
"1966","Canada","2021A000011124","Production (metric tonnes)","Wheat, spring","Metric tonnes","214","units","0","v114995750","1.19.2","21330850","","","","0"
"1967","Canada","2021A000011124","Production (metric tonnes)","Wheat, spring","Metric tonnes","214","units","0","v114995750","1.19.2","15166450","","","","0"
"1968","Canada","2021A000011124","Production (metric tonnes)","Wheat, spring","Metric tonnes","214","units","0","v114995750","1.19.2","16048400","","","","0"
"1969","Canada","2021A000011124","Production (metric tonnes)","Wheat, spring","Metric tonnes","214","units","0","v114995750","1.19.2","15618950","","","","0"
"1970","Canada","2021A000011124","Production (metric tonnes)","Wheat, spring","Metric tonnes","214","units","0","v114995750","1.19.2","6398050","","","","0"
"1971","Canada","2021A000011124","Production (metric tonnes)","Wheat, spring","Metric tonnes","214","units","0","v114995750","1.19.2","12504900","","","","0"
"1972","Canada","2021A000011124","Production (metric tonnes)","Wheat, spring","Metric tonnes","214","units","0","v114995750","1.19.2","12082450","","","","0"
"1973","Canada","2021A000011124","Production (metric tonnes)","Wheat, spring","Metric tonnes","214","units","0","v114995750","1.19.2","14348350","","","","0"
"1974","Canada","2021A000011124","Production (metric tonnes)","Wheat, spring","Metric tonnes","214","units","0","v114995750","1.19.2","11222300","","","","0"
"1975","Canada","2021A000011124","Production (metric tonnes)","Wheat, spring","Metric tonnes","214","units","0","v114995750","1.19.2","13934600","","","","0"
"1976","Canada","2021A000011124","Production (metric tonnes)","Wheat, spring","Metric tonnes","214","units","0","v114995750","1.19.2","19761674","","","","0"
"1977","Canada","2021A000011124","Production (metric tonnes)","Wheat, spring","Metric tonnes","214","units","0","v114995750","1.19.2","17493700","","","","0"
"1978","Canada","2021A000011124","Production (metric tonnes)","Wheat, spring","Metric tonnes","214","units","0","v114995750","1.19.2","17474600","","","","0"
"1979","Canada","2021A000011124","Production (metric tonnes)","Wheat, spring","Metric tonnes","214","units","0","v114995750","1.19.2","14532300","","","","0"
"1980","Canada","2021A000011124","Production (metric tonnes)","Wheat, spring","Metric tonnes","214","units","0","v114995750","1.19.2","16368400","","","","0"
"1981","Canada","2021A000011124","Production (metric tonnes)","Wheat, spring","Metric tonnes","214","units","0","v114995750","1.19.2","20750200","","","","0"
"1982","Canada","2021A000011124","Production (metric tonnes)","Wheat, spring","Metric tonnes","214","units","0","v114995750","1.19.2","22939750","","","","0"
"1983","Canada","2021A000011124","Production (metric tonnes)","Wheat, spring","Metric tonnes","214","units","0","v114995750","1.19.2","22631100","","","","0"
"1984","Canada","2021A000011124","Production (metric tonnes)","Wheat, spring","Metric tonnes","214","units","0","v114995750","1.19.2","17786600","","","","0"
"1985","Canada","2021A000011124","Production (metric tonnes)","Wheat, spring","Metric tonnes","214","units","0","v114995750","1.19.2","20519300","","","","0"
"1986","Canada","2021A000011124","Production (metric tonnes)","Wheat, spring","Metric tonnes","214","units","0","v114995750","1.19.2","25494100","","","","0"
"1987","Canada","2021A000011124","Production (metric tonnes)","Wheat, spring","Metric tonnes","214","units","0","v114995750","1.19.2","20687200","","","","0"
"1988","Canada","2021A000011124","Production (metric tonnes)","Wheat, spring","Metric tonnes","214","units","0","v114995750","1.19.2","12622500","","","","0"
"1989","Canada","2021A000011124","Production (metric tonnes)","Wheat, spring","Metric tonnes","214","units","0","v114995750","1.19.2","19381600","","","","0"
"1990","Canada","2021A000011124","Production (metric tonnes)","Wheat, spring","Metric tonnes","214","units","0","v114995750","1.19.2","26245400","","","","0"
"1991","Canada","2021A000011124","Production (metric tonnes)","Wheat, spring","Metric tonnes","214","units","0","v114995750","1.19.2","26603400","","","","0"
"1992","Canada","2021A000011124","Production (metric tonnes)","Wheat, spring","Metric tonnes","214","units","0","v114995750","1.19.2","25360400","","","","0"
"1993","Canada","2021A000011124","Production (metric tonnes)","Wheat, spring","Metric tonnes","214","units","0","v114995750","1.19.2","23100000","","","","0"
"1994","Canada","2021A000011124","Production (metric tonnes)","Wheat, spring","Metric tonnes","214","units","0","v114995750","1.19.2","16944400","","","","0"
"1995","Canada","2021A000011124","Production (metric tonnes)","Wheat, spring","Metric tonnes","214","units","0","v114995750","1.19.2","18847100","","","","0"
"1996","Canada","2021A000011124","Production (metric tonnes)","Wheat, spring","Metric tonnes","214","units","0","v114995750","1.19.2","24146900","","","","0"
"1997","Canada","2021A000011124","Production (metric tonnes)","Wheat, spring","Metric tonnes","214","units","0","v114995750","1.19.2","19032400","","","","0"
"1998","Canada","2021A000011124","Production (metric tonnes)","Wheat, spring","Metric tonnes","214","units","0","v114995750","1.19.2","16564600","","","","0"
"1999","Canada","2021A000011124","Production (metric tonnes)","Wheat, spring","Metric tonnes","214","units","0","v114995750","1.19.2","20900800","","","","0"
"2000","Canada","2021A000011124","Production (metric tonnes)","Wheat, spring","Metric tonnes","214","units","0","v114995750","1.19.2","19027000","","","","0"
"2001","Canada","2021A000011124","Production (metric tonnes)","Wheat, spring","Metric tonnes","214","units","0","v114995750","1.19.2","16010200","","","","0"
"2002","Canada","2021A000011124","Production (metric tonnes)","Wheat, spring","Metric tonnes","214","units","0","v114995750","1.19.2","10531200","","","","0"
"2003","Canada","2021A000011124","Production (metric tonnes)","Wheat, spring","Metric tonnes","214","units","0","v114995750","1.19.2","16124700","","","","0"
"2004","Canada","2021A000011124","Production (metric tonnes)","Wheat, spring","Metric tonnes","214","units","0","v114995750","1.19.2","17530300","","","","0"
"2005","Canada","2021A000011124","Production (metric tonnes)","Wheat, spring","Metric tonnes","214","units","0","v114995750","1.19.2","17803300","","","","0"
"2006","Canada","2021A000011124","Production (metric tonnes)","Wheat, spring","Metric tonnes","214","units","0","v114995750","1.19.2","18617300","","","","0"
"2007","Canada","2021A000011124","Production (metric tonnes)","Wheat, spring","Metric tonnes","214","units","0","v114995750","1.19.2","13805300","","","","0"
"2008","Canada","2021A000011124","Production (metric tonnes)","Wheat, spring","Metric tonnes","214","units","0","v114995750","1.19.2","18347700","","","","0"
"2009","Canada","2021A000011124","Production (metric tonnes)","Wheat, spring","Metric tonnes","214","units","0","v114995750","1.19.2","18472800","","","","0"
"2010","Canada","2021A000011124","Production (metric tonnes)","Wheat, spring","Metric tonnes","214","units","0","v114995750","1.19.2","17529300","","","","0"
"2011","Canada","2021A000011124","Production (metric tonnes)","Wheat, spring","Metric tonnes","214","units","0","v114995750","1.19.2","18018600","","","","0"
"2012","Canada","2021A000011124","Production (metric tonnes)","Wheat, spring","Metric tonnes","214","units","0","v114995750","1.19.2","18845400","","","","0"
"2013","Canada","2021A000011124","Production (metric tonnes)","Wheat, spring","Metric tonnes","214","units","0","v114995750","1.19.2","27238700","","","","0"
"2014","Canada","2021A000011124","Production (metric tonnes)","Wheat, spring","Metric tonnes","214","units","0","v114995750","1.19.2","21296300","","","","0"
"2015","Canada","2021A000011124","Production (metric tonnes)","Wheat, spring","Metric tonnes","214","units","0","v114995750","1.19.2","19962300","","","","0"
"2016","Canada","2021A000011124","Production (metric tonnes)","Wheat, spring","Metric tonnes","214","units","0","v114995750","1.19.2","20705200","","","","0"
"2017","Canada","2021A000011124","Production (metric tonnes)","Wheat, spring","Metric tonnes","214","units","0","v114995750","1.19.2","22559735","","","","0"
"2018","Canada","2021A000011124","Production (metric tonnes)","Wheat, spring","Metric tonnes","214","units","0","v114995750","1.19.2","24053200","","","","0"
"2019","Canada","2021A000011124","Production (metric tonnes)","Wheat, spring","Metric tonnes","214","units","0","v114995750","1.19.2","25952300","","","","0"
"2020","Canada","2021A000011124","Production (metric tonnes)","Wheat, spring","Metric tonnes","214","units","0","v114995750","1.19.2","26092100","","","","0"
"2021","Canada","2021A000011124","Production (metric tonnes)","Wheat, spring","Metric tonnes","214","units","0","v114995750","1.19.2","16161901","","","","0"
"2022","Canada","2021A000011124","Production (metric tonnes)","Wheat, spring","Metric tonnes","214","units","0","v114995750","1.19.2","26235609","","r","","0"
"2023","Canada","2021A000011124","Production (metric tonnes)","Wheat, spring","Metric tonnes","214","units","0","v114995750","1.19.2","25824904","","r","","0"
"2024","Canada","2021A000011124","Production (metric tonnes)","Wheat, spring","Metric tonnes","214","units","0","v114995750","1.19.2","26515162","","r","","0"
"2025","Canada","2021A000011124","Production (metric tonnes)","Wheat, spring","Metric tonnes","214","units","0","v114995750","1.19.2","25992003","","","","0"
"1908","Canada","2021A000011124","Production (metric tonnes)","Wheat, winter remaining","Metric tonnes","214","units","0","v114995756","1.19.3","430000","","","","0"
"1909","Canada","2021A000011124","Production (metric tonnes)","Wheat, winter remaining","Metric tonnes","214","units","0","v114995756","1.19.3","383000","","","","0"
"1910","Canada","2021A000011124","Production (metric tonnes)","Wheat, winter remaining","Metric tonnes","214","units","0","v114995756","1.19.3","486000","","","","0"
"1911","Canada","2021A000011124","Production (metric tonnes)","Wheat, winter remaining","Metric tonnes","214","units","0","v114995756","1.19.3","476000","","","","0"
"1912","Canada","2021A000011124","Production (metric tonnes)","Wheat, winter remaining","Metric tonnes","214","units","0","v114995756","1.19.3","413000","","","","0"
"1913","Canada","2021A000011124","Production (metric tonnes)","Wheat, winter remaining","Metric tonnes","214","units","0","v114995756","1.19.3","481000","","","","0"
"1914","Canada","2021A000011124","Production (metric tonnes)","Wheat, winter remaining","Metric tonnes","214","units","0","v114995756","1.19.3","426000","","","","0"
"1915","Canada","2021A000011124","Production (metric tonnes)","Wheat, winter remaining","Metric tonnes","214","units","0","v114995756","1.19.3","750000","","","","0"
"1916","Canada","2021A000011124","Production (metric tonnes)","Wheat, winter remaining","Metric tonnes","214","units","0","v114995756","1.19.3","448000","","","","0"
"1917","Canada","2021A000011124","Production (metric tonnes)","Wheat, winter remaining","Metric tonnes","214","units","0","v114995756","1.19.3","384000","","","","0"
"1918","Canada","2021A000011124","Production (metric tonnes)","Wheat, winter remaining","Metric tonnes","214","units","0","v114995756","1.19.3","192000","","","","0"
"1919","Canada","2021A000011124","Production (metric tonnes)","Wheat, winter remaining","Metric tonnes","214","units","0","v114995756","1.19.3","410000","","","","0"
"1920","Canada","2021A000011124","Production (metric tonnes)","Wheat, winter remaining","Metric tonnes","214","units","0","v114995756","1.19.3","503000","","","","0"
"1921","Canada","2021A000011124","Production (metric tonnes)","Wheat, winter remaining","Metric tonnes","214","units","0","v114995756","1.19.3","372000","","","","0"
"1922","Canada","2021A000011124","Production (metric tonnes)","Wheat, winter remaining","Metric tonnes","214","units","0","v114995756","1.19.3","484000","","","","0"
"1923","Canada","2021A000011124","Production (metric tonnes)","Wheat, winter remaining","Metric tonnes","214","units","0","v114995756","1.19.3","452000","","","","0"
"1924","Canada","2021A000011124","Production (metric tonnes)","Wheat, winter remaining","Metric tonnes","214","units","0","v114995756","1.19.3","582000","","","","0"
"1925","Canada","2021A000011124","Production (metric tonnes)","Wheat, winter remaining","Metric tonnes","214","units","0","v114995756","1.19.3","620000","","","","0"
"1926","Canada","2021A000011124","Production (metric tonnes)","Wheat, winter remaining","Metric tonnes","214","units","0","v114995756","1.19.3","570000","","","","0"
"1927","Canada","2021A000011124","Production (metric tonnes)","Wheat, winter remaining","Metric tonnes","214","units","0","v114995756","1.19.3","529000","","","","0"
"1928","Canada","2021A000011124","Production (metric tonnes)","Wheat, winter remaining","Metric tonnes","214","units","0","v114995756","1.19.3","456000","","","","0"
"1929","Canada","2021A000011124","Production (metric tonnes)","Wheat, winter remaining","Metric tonnes","214","units","0","v114995756","1.19.3","485000","","","","0"
"1930","Canada","2021A000011124","Production (metric tonnes)","Wheat, winter remaining","Metric tonnes","214","units","0","v114995756","1.19.3","491000","","","","0"
"1931","Canada","2021A000011124","Production (metric tonnes)","Wheat, winter remaining","Metric tonnes","214","units","0","v114995756","1.19.3","414000","","","","0"
"1932","Canada","2021A000011124","Production (metric tonnes)","Wheat, winter remaining","Metric tonnes","214","units","0","v114995756","1.19.3","410000","","","","0"
"1933","Canada","2021A000011124","Production (metric tonnes)","Wheat, winter remaining","Metric tonnes","214","units","0","v114995756","1.19.3","382000","","","","0"
"1934","Canada","2021A000011124","Production (metric tonnes)","Wheat, winter remaining","Metric tonnes","214","units","0","v114995756","1.19.3","183000","","","","0"
"1935","Canada","2021A000011124","Production (metric tonnes)","Wheat, winter remaining","Metric tonnes","214","units","0","v114995756","1.19.3","343000","","","","0"
"1936","Canada","2021A000011124","Production (metric tonnes)","Wheat, winter remaining","Metric tonnes","214","units","0","v114995756","1.19.3","340000","","","","0"
"1937","Canada","2021A000011124","Production (metric tonnes)","Wheat, winter remaining","Metric tonnes","214","units","0","v114995756","1.19.3","509000","","","","0"
"1938","Canada","2021A000011124","Production (metric tonnes)","Wheat, winter remaining","Metric tonnes","214","units","0","v114995756","1.19.3","539000","","","","0"
"1939","Canada","2021A000011124","Production (metric tonnes)","Wheat, winter remaining","Metric tonnes","214","units","0","v114995756","1.19.3","606000","","","","0"
"1940","Canada","2021A000011124","Production (metric tonnes)","Wheat, winter remaining","Metric tonnes","214","units","0","v114995756","1.19.3","601000","","","","0"
"1941","Canada","2021A000011124","Production (metric tonnes)","Wheat, winter remaining","Metric tonnes","214","units","0","v114995756","1.19.3","413000","","","","0"
"1942","Canada","2021A000011124","Production (metric tonnes)","Wheat, winter remaining","Metric tonnes","214","units","0","v114995756","1.19.3","629000","","","","0"
"1943","Canada","2021A000011124","Production (metric tonnes)","Wheat, winter remaining","Metric tonnes","214","units","0","v114995756","1.19.3","345000","","","","0"
"1944","Canada","2021A000011124","Production (metric tonnes)","Wheat, winter remaining","Metric tonnes","214","units","0","v114995756","1.19.3","530000","","","","0"
"1945","Canada","2021A000011124","Production (metric tonnes)","Wheat, winter remaining","Metric tonnes","214","units","0","v114995756","1.19.3","496000","","","","0"
"1946","Canada","2021A000011124","Production (metric tonnes)","Wheat, winter remaining","Metric tonnes","214","units","0","v114995756","1.19.3","393000","","","","0"
"1947","Canada","2021A000011124","Production (metric tonnes)","Wheat, winter remaining","Metric tonnes","214","units","0","v114995756","1.19.3","418000","","","","0"
"1948","Canada","2021A000011124","Production (metric tonnes)","Wheat, winter remaining","Metric tonnes","214","units","0","v114995756","1.19.3","598000","","","","0"
"1949","Canada","2021A000011124","Production (metric tonnes)","Wheat, winter remaining","Metric tonnes","214","units","0","v114995756","1.19.3","558000","","","","0"
"1950","Canada","2021A000011124","Production (metric tonnes)","Wheat, winter remaining","Metric tonnes","214","units","0","v114995756","1.19.3","660000","","","","0"
"1951","Canada","2021A000011124","Production (metric tonnes)","Wheat, winter remaining","Metric tonnes","214","units","0","v114995756","1.19.3","536000","","","","0"
"1952","Canada","2021A000011124","Production (metric tonnes)","Wheat, winter remaining","Metric tonnes","214","units","0","v114995756","1.19.3","566000","","","","0"
"1953","Canada","2021A000011124","Production (metric tonnes)","Wheat, winter remaining","Metric tonnes","214","units","0","v114995756","1.19.3","713000","","","","0"
"1954","Canada","2021A000011124","Production (metric tonnes)","Wheat, winter remaining","Metric tonnes","214","units","0","v114995756","1.19.3","657000","","","","0"
"1955","Canada","2021A000011124","Production (metric tonnes)","Wheat, winter remaining","Metric tonnes","214","units","0","v114995756","1.19.3","543000","","","","0"
"1956","Canada","2021A000011124","Production (metric tonnes)","Wheat, winter remaining","Metric tonnes","214","units","0","v114995756","1.19.3","544000","","","","0"
"1957","Canada","2021A000011124","Production (metric tonnes)","Wheat, winter remaining","Metric tonnes","214","units","0","v114995756","1.19.3","533000","","","","0"
"1958","Canada","2021A000011124","Production (metric tonnes)","Wheat, winter remaining","Metric tonnes","214","units","0","v114995756","1.19.3","650000","","","","0"
"1959","Canada","2021A000011124","Production (metric tonnes)","Wheat, winter remaining","Metric tonnes","214","units","0","v114995756","1.19.3","339000","","","","0"
"1960","Canada","2021A000011124","Production (metric tonnes)","Wheat, winter remaining","Metric tonnes","214","units","0","v114995756","1.19.3","478000","","","","0"
"1961","Canada","2021A000011124","Production (metric tonnes)","Wheat, winter remaining","Metric tonnes","214","units","0","v114995756","1.19.3","544000","","","","0"
"1962","Canada","2021A000011124","Production (metric tonnes)","Wheat, winter remaining","Metric tonnes","214","units","0","v114995756","1.19.3","429000","","","","0"
"1963","Canada","2021A000011124","Production (metric tonnes)","Wheat, winter remaining","Metric tonnes","214","units","0","v114995756","1.19.3","480000","","","","0"
"1964","Canada","2021A000011124","Production (metric tonnes)","Wheat, winter remaining","Metric tonnes","214","units","0","v114995756","1.19.3","494000","","","","0"
"1965","Canada","2021A000011124","Production (metric tonnes)","Wheat, winter remaining","Metric tonnes","214","units","0","v114995756","1.19.3","358000","","","","0"
"1966","Canada","2021A000011124","Production (metric tonnes)","Wheat, winter remaining","Metric tonnes","214","units","0","v114995756","1.19.3","414000","","","","0"
"1967","Canada","2021A000011124","Production (metric tonnes)","Wheat, winter remaining","Metric tonnes","214","units","0","v114995756","1.19.3","421000","","","","0"
"1968","Canada","2021A000011124","Production (metric tonnes)","Wheat, winter remaining","Metric tonnes","214","units","0","v114995756","1.19.3","406000","","","","0"
"1969","Canada","2021A000011124","Production (metric tonnes)","Wheat, winter remaining","Metric tonnes","214","units","0","v114995756","1.19.3","390000","","","","0"
"1970","Canada","2021A000011124","Production (metric tonnes)","Wheat, winter remaining","Metric tonnes","214","units","0","v114995756","1.19.3","424000","","","","0"
"1971","Canada","2021A000011124","Production (metric tonnes)","Wheat, winter remaining","Metric tonnes","214","units","0","v114995756","1.19.3","383000","","","","0"
"1972","Canada","2021A000011124","Production (metric tonnes)","Wheat, winter remaining","Metric tonnes","214","units","0","v114995756","1.19.3","432000","","","","0"
"1973","Canada","2021A000011124","Production (metric tonnes)","Wheat, winter remaining","Metric tonnes","214","units","0","v114995756","1.19.3","403000","","","","0"
"1974","Canada","2021A000011124","Production (metric tonnes)","Wheat, winter remaining","Metric tonnes","214","units","0","v114995756","1.19.3","519000","","","","0"
"1975","Canada","2021A000011124","Production (metric tonnes)","Wheat, winter remaining","Metric tonnes","214","units","0","v114995756","1.19.3","610000","","","","0"
"1976","Canada","2021A000011124","Production (metric tonnes)","Wheat, winter remaining","Metric tonnes","214","units","0","v114995756","1.19.3","967000","","","","0"
"1977","Canada","2021A000011124","Production (metric tonnes)","Wheat, winter remaining","Metric tonnes","214","units","0","v114995756","1.19.3","1088000","","","","0"
"1978","Canada","2021A000011124","Production (metric tonnes)","Wheat, winter remaining","Metric tonnes","214","units","0","v114995756","1.19.3","809000","","","","0"
"1979","Canada","2021A000011124","Production (metric tonnes)","Wheat, winter remaining","Metric tonnes","214","units","0","v114995756","1.19.3","865000","","","","0"
"1980","Canada","2021A000011124","Production (metric tonnes)","Wheat, winter remaining","Metric tonnes","214","units","0","v114995756","1.19.3","888000","","","","0"
"1981","Canada","2021A000011124","Production (metric tonnes)","Wheat, winter remaining","Metric tonnes","214","units","0","v114995756","1.19.3","1075000","","","","0"
"1982","Canada","2021A000011124","Production (metric tonnes)","Wheat, winter remaining","Metric tonnes","214","units","0","v114995756","1.19.3","654000","","","","0"
"1983","Canada","2021A000011124","Production (metric tonnes)","Wheat, winter remaining","Metric tonnes","214","units","0","v114995756","1.19.3","1213100","","","","0"
"1984","Canada","2021A000011124","Production (metric tonnes)","Wheat, winter remaining","Metric tonnes","214","units","0","v114995756","1.19.3","1291300","","","","0"
"1985","Canada","2021A000011124","Production (metric tonnes)","Wheat, winter remaining","Metric tonnes","214","units","0","v114995756","1.19.3","1772900","","","","0"
"1986","Canada","2021A000011124","Production (metric tonnes)","Wheat, winter remaining","Metric tonnes","214","units","0","v114995756","1.19.3","1987000","","","","0"
"1987","Canada","2021A000011124","Production (metric tonnes)","Wheat, winter remaining","Metric tonnes","214","units","0","v114995756","1.19.3","1243800","","","","0"
"1988","Canada","2021A000011124","Production (metric tonnes)","Wheat, winter remaining","Metric tonnes","214","units","0","v114995756","1.19.3","1382400","","","","0"
"1989","Canada","2021A000011124","Production (metric tonnes)","Wheat, winter remaining","Metric tonnes","214","units","0","v114995756","1.19.3","1275100","","","","0"
"1990","Canada","2021A000011124","Production (metric tonnes)","Wheat, winter remaining","Metric tonnes","214","units","0","v114995756","1.19.3","1656300","","","","0"
"1991","Canada","2021A000011124","Production (metric tonnes)","Wheat, winter remaining","Metric tonnes","214","units","0","v114995756","1.19.3","756400","","","","0"
"1992","Canada","2021A000011124","Production (metric tonnes)","Wheat, winter remaining","Metric tonnes","214","units","0","v114995756","1.19.3","1378900","","","","0"
"1993","Canada","2021A000011124","Production (metric tonnes)","Wheat, winter remaining","Metric tonnes","214","units","0","v114995756","1.19.3","767500","","","","0"
"1994","Canada","2021A000011124","Production (metric tonnes)","Wheat, winter remaining","Metric tonnes","214","units","0","v114995756","1.19.3","1340300","","","","0"
"1995","Canada","2021A000011124","Production (metric tonnes)","Wheat, winter remaining","Metric tonnes","214","units","0","v114995756","1.19.3","1493900","","","","0"
"1996","Canada","2021A000011124","Production (metric tonnes)","Wheat, winter remaining","Metric tonnes","214","units","0","v114995756","1.19.3","1027900","","","","0"
"1997","Canada","2021A000011124","Production (metric tonnes)","Wheat, winter remaining","Metric tonnes","214","units","0","v114995756","1.19.3","915300","","","","0"
"1998","Canada","2021A000011124","Production (metric tonnes)","Wheat, winter remaining","Metric tonnes","214","units","0","v114995756","1.19.3","1475800","","","","0"
"1999","Canada","2021A000011124","Production (metric tonnes)","Wheat, winter remaining","Metric tonnes","214","units","0","v114995756","1.19.3","1718200","","","","0"
"2000","Canada","2021A000011124","Production (metric tonnes)","Wheat, winter remaining","Metric tonnes","214","units","0","v114995756","1.19.3","1800000","","","","0"
"2001","Canada","2021A000011124","Production (metric tonnes)","Wheat, winter remaining","Metric tonnes","214","units","0","v114995756","1.19.3","1570500","","","","0"
"2002","Canada","2021A000011124","Production (metric tonnes)","Wheat, winter remaining","Metric tonnes","214","units","0","v114995756","1.19.3","1553200","","","","0"
"2003","Canada","2021A000011124","Production (metric tonnes)","Wheat, winter remaining","Metric tonnes","214","units","0","v114995756","1.19.3","2712300","","","","0"
"2004","Canada","2021A000011124","Production (metric tonnes)","Wheat, winter remaining","Metric tonnes","214","units","0","v114995756","1.19.3","2463800","","","","0"
"2005","Canada","2021A000011124","Production (metric tonnes)","Wheat, winter remaining","Metric tonnes","214","units","0","v114995756","1.19.3","2030200","","","","0"
"2006","Canada","2021A000011124","Production (metric tonnes)","Wheat, winter remaining","Metric tonnes","214","units","0","v114995756","1.19.3","3301900","","","","0"
"2007","Canada","2021A000011124","Production (metric tonnes)","Wheat, winter remaining","Metric tonnes","214","units","0","v114995756","1.19.3","2603700","","","","0"
"2008","Canada","2021A000011124","Production (metric tonnes)","Wheat, winter remaining","Metric tonnes","214","units","0","v114995756","1.19.3","4752200","","","","0"
"2009","Canada","2021A000011124","Production (metric tonnes)","Wheat, winter remaining","Metric tonnes","214","units","0","v114995756","1.19.3","3077500","","","","0"
"2010","Canada","2021A000011124","Production (metric tonnes)","Wheat, winter remaining","Metric tonnes","214","units","0","v114995756","1.19.3","2745600","","","","0"
"2011","Canada","2021A000011124","Production (metric tonnes)","Wheat, winter remaining","Metric tonnes","214","units","0","v114995756","1.19.3","3097300","","","","0"
"2012","Canada","2021A000011124","Production (metric tonnes)","Wheat, winter remaining","Metric tonnes","214","units","0","v114995756","1.19.3","3774000","","","","0"
"2013","Canada","2021A000011124","Production (metric tonnes)","Wheat, winter remaining","Metric tonnes","214","units","0","v114995756","1.19.3","3845900","","","","0"
"2014","Canada","2021A000011124","Production (metric tonnes)","Wheat, winter remaining","Metric tonnes","214","units","0","v114995756","1.19.3","2953100","","","","0"
"2015","Canada","2021A000011124","Production (metric tonnes)","Wheat, winter remaining","Metric tonnes","214","units","0","v114995756","1.19.3","2296400","","","","0"
"2016","Canada","2021A000011124","Production (metric tonnes)","Wheat, winter remaining","Metric tonnes","214","units","0","v114995756","1.19.3","3672900","","","","0"
"2017","Canada","2021A000011124","Production (metric tonnes)","Wheat, winter remaining","Metric tonnes","214","units","0","v114995756","1.19.3","2855300","","","","0"
"2018","Canada","2021A000011124","Production (metric tonnes)","Wheat, winter remaining","Metric tonnes","214","units","0","v114995756","1.19.3","2513900","","","","0"
"2019","Canada","2021A000011124","Production (metric tonnes)","Wheat, winter remaining","Metric tonnes","214","units","0","v114995756","1.19.3","1700500","","","","0"
"2020","Canada","2021A000011124","Production (metric tonnes)","Wheat, winter remaining","Metric tonnes","214","units","0","v114995756","1.19.3","2773900","","","","0"
"2021","Canada","2021A000011124","Production (metric tonnes)","Wheat, winter remaining","Metric tonnes","214","units","0","v114995756","1.19.3","3227759","","","","0"
"2022","Canada","2021A000011124","Production (metric tonnes)","Wheat, winter remaining","Metric tonnes","214","units","0","v114995756","1.19.3","2852803","","r","","0"
"2023","Canada","2021A000011124","Production (metric tonnes)","Wheat, winter remaining","Metric tonnes","214","units","0","v114995756","1.19.3","3341757","","r","","0"
"2024","Canada","2021A000011124","Production (metric tonnes)","Wheat, winter remaining","Metric tonnes","214","units","0","v114995756","1.19.3","3043363","","r","","0"
"2025","Canada","2021A000011124","Production (metric tonnes)","Wheat, winter remaining","Metric tonnes","214","units","0","v114995756","1.19.3","3477773","","","","0"


